"","id","expl.name","expl.val","pred.name","pred.val"
"1",1,"ocean_temp",9.90896304924382,"Semibalanus.balanoides_EMmeanByTSS_mergedData_mergedRun_mergedAlgo",0.671
"2",1,"ocean_temp",9.90896304924382,"Semibalanus.balanoides_EMmeanByROC_mergedData_mergedRun_mergedAlgo",0.7025
"3",1,"ocean_temp",9.90896304924382,"Semibalanus.balanoides_EMciSupByTSS_mergedData_mergedRun_mergedAlgo",1
"4",2,"ocean_temp",9.94184040925652,"Semibalanus.balanoides_EMmeanByROC_mergedData_mergedRun_mergedAlgo",0.7025
"5",2,"ocean_temp",9.94184040925652,"Semibalanus.balanoides_EMciSupByTSS_mergedData_mergedRun_mergedAlgo",1
"6",2,"ocean_temp",9.94184040925652,"Semibalanus.balanoides_EMmeanByTSS_mergedData_mergedRun_mergedAlgo",0.671
"7",3,"ocean_temp",9.97471776926921,"Semibalanus.balanoides_EMciSupByTSS_mergedData_mergedRun_mergedAlgo",1
"8",3,"ocean_temp",9.97471776926921,"Semibalanus.balanoides_EMmeanByROC_mergedData_mergedRun_mergedAlgo",0.7025
"9",3,"ocean_temp",9.97471776926921,"Semibalanus.balanoides_EMmeanByTSS_mergedData_mergedRun_mergedAlgo",0.671
"10",4,"ocean_temp",10.0075951292819,"Semibalanus.balanoides_EMmeanByROC_mergedData_mergedRun_mergedAlgo",0.7025
"11",4,"ocean_temp",10.0075951292819,"Semibalanus.balanoides_EMciSupByTSS_mergedData_mergedRun_mergedAlgo",1
"12",4,"ocean_temp",10.0075951292819,"Semibalanus.balanoides_EMmeanByTSS_mergedData_mergedRun_mergedAlgo",0.671
"13",5,"ocean_temp",10.0404724892946,"Semibalanus.balanoides_EMmeanByROC_mergedData_mergedRun_mergedAlgo",0.7025
"14",5,"ocean_temp",10.0404724892946,"Semibalanus.balanoides_EMmeanByTSS_mergedData_mergedRun_mergedAlgo",0.671
"15",5,"ocean_temp",10.0404724892946,"Semibalanus.balanoides_EMciSupByTSS_mergedData_mergedRun_mergedAlgo",1
"16",6,"ocean_temp",10.0733498493073,"Semibalanus.balanoides_EMmeanByROC_mergedData_mergedRun_mergedAlgo",0.7025
"17",6,"ocean_temp",10.0733498493073,"Semibalanus.balanoides_EMciSupByTSS_mergedData_mergedRun_mergedAlgo",1
"18",6,"ocean_temp",10.0733498493073,"Semibalanus.balanoides_EMmeanByTSS_mergedData_mergedRun_mergedAlgo",0.671
"19",7,"ocean_temp",10.10622720932,"Semibalanus.balanoides_EMciSupByTSS_mergedData_mergedRun_mergedAlgo",1
"20",7,"ocean_temp",10.10622720932,"Semibalanus.balanoides_EMmeanByTSS_mergedData_mergedRun_mergedAlgo",0.671
"21",7,"ocean_temp",10.10622720932,"Semibalanus.balanoides_EMmeanByROC_mergedData_mergedRun_mergedAlgo",0.7025
"22",8,"ocean_temp",10.1391045693327,"Semibalanus.balanoides_EMmeanByROC_mergedData_mergedRun_mergedAlgo",0.7025
"23",8,"ocean_temp",10.1391045693327,"Semibalanus.balanoides_EMciSupByTSS_mergedData_mergedRun_mergedAlgo",1
"24",8,"ocean_temp",10.1391045693327,"Semibalanus.balanoides_EMmeanByTSS_mergedData_mergedRun_mergedAlgo",0.671
"25",9,"ocean_temp",10.1719819293454,"Semibalanus.balanoides_EMmeanByROC_mergedData_mergedRun_mergedAlgo",0.7025
"26",9,"ocean_temp",10.1719819293454,"Semibalanus.balanoides_EMciSupByTSS_mergedData_mergedRun_mergedAlgo",1
"27",9,"ocean_temp",10.1719819293454,"Semibalanus.balanoides_EMmeanByTSS_mergedData_mergedRun_mergedAlgo",0.671
"28",10,"ocean_temp",10.2048592893581,"Semibalanus.balanoides_EMmeanByROC_mergedData_mergedRun_mergedAlgo",0.7025
"29",10,"ocean_temp",10.2048592893581,"Semibalanus.balanoides_EMciSupByTSS_mergedData_mergedRun_mergedAlgo",1
"30",10,"ocean_temp",10.2048592893581,"Semibalanus.balanoides_EMmeanByTSS_mergedData_mergedRun_mergedAlgo",0.671
"31",11,"ocean_temp",10.2377366493708,"Semibalanus.balanoides_EMmeanByROC_mergedData_mergedRun_mergedAlgo",0.7035
"32",11,"ocean_temp",10.2377366493708,"Semibalanus.balanoides_EMciSupByTSS_mergedData_mergedRun_mergedAlgo",1
"33",11,"ocean_temp",10.2377366493708,"Semibalanus.balanoides_EMmeanByTSS_mergedData_mergedRun_mergedAlgo",0.671
"34",12,"ocean_temp",10.2706140093835,"Semibalanus.balanoides_EMmeanByROC_mergedData_mergedRun_mergedAlgo",0.7035
"35",12,"ocean_temp",10.2706140093835,"Semibalanus.balanoides_EMciSupByTSS_mergedData_mergedRun_mergedAlgo",1
"36",12,"ocean_temp",10.2706140093835,"Semibalanus.balanoides_EMmeanByTSS_mergedData_mergedRun_mergedAlgo",0.671
"37",13,"ocean_temp",10.3034913693962,"Semibalanus.balanoides_EMmeanByROC_mergedData_mergedRun_mergedAlgo",0.7045
"38",13,"ocean_temp",10.3034913693962,"Semibalanus.balanoides_EMciSupByTSS_mergedData_mergedRun_mergedAlgo",1
"39",13,"ocean_temp",10.3034913693962,"Semibalanus.balanoides_EMmeanByTSS_mergedData_mergedRun_mergedAlgo",0.672
"40",14,"ocean_temp",10.3363687294089,"Semibalanus.balanoides_EMmeanByTSS_mergedData_mergedRun_mergedAlgo",0.675
"41",14,"ocean_temp",10.3363687294089,"Semibalanus.balanoides_EMmeanByROC_mergedData_mergedRun_mergedAlgo",0.7235
"42",14,"ocean_temp",10.3363687294089,"Semibalanus.balanoides_EMciSupByTSS_mergedData_mergedRun_mergedAlgo",1
"43",15,"ocean_temp",10.3692460894216,"Semibalanus.balanoides_EMmeanByROC_mergedData_mergedRun_mergedAlgo",0.7445
"44",15,"ocean_temp",10.3692460894216,"Semibalanus.balanoides_EMciSupByTSS_mergedData_mergedRun_mergedAlgo",1
"45",15,"ocean_temp",10.3692460894216,"Semibalanus.balanoides_EMmeanByTSS_mergedData_mergedRun_mergedAlgo",0.696
"46",16,"ocean_temp",10.4021234494343,"Semibalanus.balanoides_EMciSupByTSS_mergedData_mergedRun_mergedAlgo",1
"47",16,"ocean_temp",10.4021234494343,"Semibalanus.balanoides_EMmeanByROC_mergedData_mergedRun_mergedAlgo",0.7445
"48",16,"ocean_temp",10.4021234494343,"Semibalanus.balanoides_EMmeanByTSS_mergedData_mergedRun_mergedAlgo",0.693
"49",17,"ocean_temp",10.435000809447,"Semibalanus.balanoides_EMmeanByROC_mergedData_mergedRun_mergedAlgo",0.747
"50",17,"ocean_temp",10.435000809447,"Semibalanus.balanoides_EMciSupByTSS_mergedData_mergedRun_mergedAlgo",1
"51",17,"ocean_temp",10.435000809447,"Semibalanus.balanoides_EMmeanByTSS_mergedData_mergedRun_mergedAlgo",0.692
"52",18,"ocean_temp",10.4678781694597,"Semibalanus.balanoides_EMmeanByROC_mergedData_mergedRun_mergedAlgo",0.7565
"53",18,"ocean_temp",10.4678781694597,"Semibalanus.balanoides_EMmeanByTSS_mergedData_mergedRun_mergedAlgo",0.697
"54",18,"ocean_temp",10.4678781694597,"Semibalanus.balanoides_EMciSupByTSS_mergedData_mergedRun_mergedAlgo",1
"55",19,"ocean_temp",10.5007555294724,"Semibalanus.balanoides_EMmeanByROC_mergedData_mergedRun_mergedAlgo",0.76
"56",19,"ocean_temp",10.5007555294724,"Semibalanus.balanoides_EMciSupByTSS_mergedData_mergedRun_mergedAlgo",1
"57",19,"ocean_temp",10.5007555294724,"Semibalanus.balanoides_EMmeanByTSS_mergedData_mergedRun_mergedAlgo",0.699
"58",20,"ocean_temp",10.5336328894851,"Semibalanus.balanoides_EMciSupByTSS_mergedData_mergedRun_mergedAlgo",1
"59",20,"ocean_temp",10.5336328894851,"Semibalanus.balanoides_EMmeanByTSS_mergedData_mergedRun_mergedAlgo",0.696
"60",20,"ocean_temp",10.5336328894851,"Semibalanus.balanoides_EMmeanByROC_mergedData_mergedRun_mergedAlgo",0.758
"61",21,"ocean_temp",10.5665102494978,"Semibalanus.balanoides_EMmeanByTSS_mergedData_mergedRun_mergedAlgo",0.751
"62",21,"ocean_temp",10.5665102494978,"Semibalanus.balanoides_EMmeanByROC_mergedData_mergedRun_mergedAlgo",0.7885
"63",21,"ocean_temp",10.5665102494978,"Semibalanus.balanoides_EMciSupByTSS_mergedData_mergedRun_mergedAlgo",1
"64",22,"ocean_temp",10.5993876095104,"Semibalanus.balanoides_EMmeanByROC_mergedData_mergedRun_mergedAlgo",0.7875
"65",22,"ocean_temp",10.5993876095104,"Semibalanus.balanoides_EMciSupByTSS_mergedData_mergedRun_mergedAlgo",1
"66",22,"ocean_temp",10.5993876095104,"Semibalanus.balanoides_EMmeanByTSS_mergedData_mergedRun_mergedAlgo",0.749
"67",23,"ocean_temp",10.6322649695231,"Semibalanus.balanoides_EMciSupByTSS_mergedData_mergedRun_mergedAlgo",1
"68",23,"ocean_temp",10.6322649695231,"Semibalanus.balanoides_EMmeanByROC_mergedData_mergedRun_mergedAlgo",0.7655
"69",23,"ocean_temp",10.6322649695231,"Semibalanus.balanoides_EMmeanByTSS_mergedData_mergedRun_mergedAlgo",0.739
"70",24,"ocean_temp",10.6651423295358,"Semibalanus.balanoides_EMmeanByROC_mergedData_mergedRun_mergedAlgo",0.763
"71",24,"ocean_temp",10.6651423295358,"Semibalanus.balanoides_EMciSupByTSS_mergedData_mergedRun_mergedAlgo",1
"72",24,"ocean_temp",10.6651423295358,"Semibalanus.balanoides_EMmeanByTSS_mergedData_mergedRun_mergedAlgo",0.734
"73",25,"ocean_temp",10.6980196895485,"Semibalanus.balanoides_EMmeanByROC_mergedData_mergedRun_mergedAlgo",0.753
"74",25,"ocean_temp",10.6980196895485,"Semibalanus.balanoides_EMmeanByTSS_mergedData_mergedRun_mergedAlgo",0.732
"75",25,"ocean_temp",10.6980196895485,"Semibalanus.balanoides_EMciSupByTSS_mergedData_mergedRun_mergedAlgo",1
"76",26,"ocean_temp",10.7308970495612,"Semibalanus.balanoides_EMmeanByROC_mergedData_mergedRun_mergedAlgo",0.7535
"77",26,"ocean_temp",10.7308970495612,"Semibalanus.balanoides_EMciSupByTSS_mergedData_mergedRun_mergedAlgo",1
"78",26,"ocean_temp",10.7308970495612,"Semibalanus.balanoides_EMmeanByTSS_mergedData_mergedRun_mergedAlgo",0.733
"79",27,"ocean_temp",10.7637744095739,"Semibalanus.balanoides_EMciSupByTSS_mergedData_mergedRun_mergedAlgo",1
"80",27,"ocean_temp",10.7637744095739,"Semibalanus.balanoides_EMmeanByTSS_mergedData_mergedRun_mergedAlgo",0.732
"81",27,"ocean_temp",10.7637744095739,"Semibalanus.balanoides_EMmeanByROC_mergedData_mergedRun_mergedAlgo",0.7525
"82",28,"ocean_temp",10.7966517695866,"Semibalanus.balanoides_EMmeanByROC_mergedData_mergedRun_mergedAlgo",0.747
"83",28,"ocean_temp",10.7966517695866,"Semibalanus.balanoides_EMciSupByTSS_mergedData_mergedRun_mergedAlgo",1
"84",28,"ocean_temp",10.7966517695866,"Semibalanus.balanoides_EMmeanByTSS_mergedData_mergedRun_mergedAlgo",0.725
"85",29,"ocean_temp",10.8295291295993,"Semibalanus.balanoides_EMmeanByROC_mergedData_mergedRun_mergedAlgo",0.739
"86",29,"ocean_temp",10.8295291295993,"Semibalanus.balanoides_EMciSupByTSS_mergedData_mergedRun_mergedAlgo",1
"87",29,"ocean_temp",10.8295291295993,"Semibalanus.balanoides_EMmeanByTSS_mergedData_mergedRun_mergedAlgo",0.715
"88",30,"ocean_temp",10.862406489612,"Semibalanus.balanoides_EMmeanByROC_mergedData_mergedRun_mergedAlgo",0.7465
"89",30,"ocean_temp",10.862406489612,"Semibalanus.balanoides_EMciSupByTSS_mergedData_mergedRun_mergedAlgo",1
"90",30,"ocean_temp",10.862406489612,"Semibalanus.balanoides_EMmeanByTSS_mergedData_mergedRun_mergedAlgo",0.728
"91",31,"ocean_temp",10.8952838496247,"Semibalanus.balanoides_EMmeanByROC_mergedData_mergedRun_mergedAlgo",0.741
"92",31,"ocean_temp",10.8952838496247,"Semibalanus.balanoides_EMciSupByTSS_mergedData_mergedRun_mergedAlgo",1
"93",31,"ocean_temp",10.8952838496247,"Semibalanus.balanoides_EMmeanByTSS_mergedData_mergedRun_mergedAlgo",0.717
"94",32,"ocean_temp",10.9281612096374,"Semibalanus.balanoides_EMmeanByROC_mergedData_mergedRun_mergedAlgo",0.7405
"95",32,"ocean_temp",10.9281612096374,"Semibalanus.balanoides_EMciSupByTSS_mergedData_mergedRun_mergedAlgo",1
"96",32,"ocean_temp",10.9281612096374,"Semibalanus.balanoides_EMmeanByTSS_mergedData_mergedRun_mergedAlgo",0.716
"97",33,"ocean_temp",10.9610385696501,"Semibalanus.balanoides_EMmeanByROC_mergedData_mergedRun_mergedAlgo",0.744
"98",33,"ocean_temp",10.9610385696501,"Semibalanus.balanoides_EMciSupByTSS_mergedData_mergedRun_mergedAlgo",1
"99",33,"ocean_temp",10.9610385696501,"Semibalanus.balanoides_EMmeanByTSS_mergedData_mergedRun_mergedAlgo",0.715
"100",34,"ocean_temp",10.9939159296628,"Semibalanus.balanoides_EMmeanByTSS_mergedData_mergedRun_mergedAlgo",0.715
"101",34,"ocean_temp",10.9939159296628,"Semibalanus.balanoides_EMmeanByROC_mergedData_mergedRun_mergedAlgo",0.744
"102",34,"ocean_temp",10.9939159296628,"Semibalanus.balanoides_EMciSupByTSS_mergedData_mergedRun_mergedAlgo",1
"103",35,"ocean_temp",11.0267932896755,"Semibalanus.balanoides_EMmeanByROC_mergedData_mergedRun_mergedAlgo",0.744
"104",35,"ocean_temp",11.0267932896755,"Semibalanus.balanoides_EMciSupByTSS_mergedData_mergedRun_mergedAlgo",1
"105",35,"ocean_temp",11.0267932896755,"Semibalanus.balanoides_EMmeanByTSS_mergedData_mergedRun_mergedAlgo",0.715
"106",36,"ocean_temp",11.0596706496882,"Semibalanus.balanoides_EMciSupByTSS_mergedData_mergedRun_mergedAlgo",1
"107",36,"ocean_temp",11.0596706496882,"Semibalanus.balanoides_EMmeanByROC_mergedData_mergedRun_mergedAlgo",0.744
"108",36,"ocean_temp",11.0596706496882,"Semibalanus.balanoides_EMmeanByTSS_mergedData_mergedRun_mergedAlgo",0.715
"109",37,"ocean_temp",11.0925480097009,"Semibalanus.balanoides_EMmeanByROC_mergedData_mergedRun_mergedAlgo",0.747
"110",37,"ocean_temp",11.0925480097009,"Semibalanus.balanoides_EMciSupByTSS_mergedData_mergedRun_mergedAlgo",1
"111",37,"ocean_temp",11.0925480097009,"Semibalanus.balanoides_EMmeanByTSS_mergedData_mergedRun_mergedAlgo",0.72
"112",38,"ocean_temp",11.1254253697136,"Semibalanus.balanoides_EMmeanByROC_mergedData_mergedRun_mergedAlgo",0.7725
"113",38,"ocean_temp",11.1254253697136,"Semibalanus.balanoides_EMmeanByTSS_mergedData_mergedRun_mergedAlgo",0.746
"114",38,"ocean_temp",11.1254253697136,"Semibalanus.balanoides_EMciSupByTSS_mergedData_mergedRun_mergedAlgo",1
"115",39,"ocean_temp",11.1583027297263,"Semibalanus.balanoides_EMmeanByROC_mergedData_mergedRun_mergedAlgo",0.7765
"116",39,"ocean_temp",11.1583027297263,"Semibalanus.balanoides_EMciSupByTSS_mergedData_mergedRun_mergedAlgo",1
"117",39,"ocean_temp",11.1583027297263,"Semibalanus.balanoides_EMmeanByTSS_mergedData_mergedRun_mergedAlgo",0.749
"118",40,"ocean_temp",11.191180089739,"Semibalanus.balanoides_EMciSupByTSS_mergedData_mergedRun_mergedAlgo",1
"119",40,"ocean_temp",11.191180089739,"Semibalanus.balanoides_EMmeanByTSS_mergedData_mergedRun_mergedAlgo",0.749
"120",40,"ocean_temp",11.191180089739,"Semibalanus.balanoides_EMmeanByROC_mergedData_mergedRun_mergedAlgo",0.7765
"121",41,"ocean_temp",11.2240574497517,"Semibalanus.balanoides_EMmeanByTSS_mergedData_mergedRun_mergedAlgo",0.747
"122",41,"ocean_temp",11.2240574497517,"Semibalanus.balanoides_EMmeanByROC_mergedData_mergedRun_mergedAlgo",0.774
"123",41,"ocean_temp",11.2240574497517,"Semibalanus.balanoides_EMciSupByTSS_mergedData_mergedRun_mergedAlgo",1
"124",42,"ocean_temp",11.2569348097644,"Semibalanus.balanoides_EMmeanByROC_mergedData_mergedRun_mergedAlgo",0.77
"125",42,"ocean_temp",11.2569348097644,"Semibalanus.balanoides_EMciSupByTSS_mergedData_mergedRun_mergedAlgo",1
"126",42,"ocean_temp",11.2569348097644,"Semibalanus.balanoides_EMmeanByTSS_mergedData_mergedRun_mergedAlgo",0.744
"127",43,"ocean_temp",11.2898121697771,"Semibalanus.balanoides_EMciSupByTSS_mergedData_mergedRun_mergedAlgo",1
"128",43,"ocean_temp",11.2898121697771,"Semibalanus.balanoides_EMmeanByROC_mergedData_mergedRun_mergedAlgo",0.769
"129",43,"ocean_temp",11.2898121697771,"Semibalanus.balanoides_EMmeanByTSS_mergedData_mergedRun_mergedAlgo",0.742
"130",44,"ocean_temp",11.3226895297898,"Semibalanus.balanoides_EMmeanByROC_mergedData_mergedRun_mergedAlgo",0.7685
"131",44,"ocean_temp",11.3226895297898,"Semibalanus.balanoides_EMciSupByTSS_mergedData_mergedRun_mergedAlgo",1
"132",44,"ocean_temp",11.3226895297898,"Semibalanus.balanoides_EMmeanByTSS_mergedData_mergedRun_mergedAlgo",0.741
"133",45,"ocean_temp",11.3555668898025,"Semibalanus.balanoides_EMmeanByROC_mergedData_mergedRun_mergedAlgo",0.7675
"134",45,"ocean_temp",11.3555668898025,"Semibalanus.balanoides_EMmeanByTSS_mergedData_mergedRun_mergedAlgo",0.739
"135",45,"ocean_temp",11.3555668898025,"Semibalanus.balanoides_EMciSupByTSS_mergedData_mergedRun_mergedAlgo",1
"136",46,"ocean_temp",11.3884442498152,"Semibalanus.balanoides_EMmeanByROC_mergedData_mergedRun_mergedAlgo",0.7675
"137",46,"ocean_temp",11.3884442498152,"Semibalanus.balanoides_EMciSupByTSS_mergedData_mergedRun_mergedAlgo",1
"138",46,"ocean_temp",11.3884442498152,"Semibalanus.balanoides_EMmeanByTSS_mergedData_mergedRun_mergedAlgo",0.739
"139",47,"ocean_temp",11.4213216098279,"Semibalanus.balanoides_EMciSupByTSS_mergedData_mergedRun_mergedAlgo",1
"140",47,"ocean_temp",11.4213216098279,"Semibalanus.balanoides_EMmeanByTSS_mergedData_mergedRun_mergedAlgo",0.74
"141",47,"ocean_temp",11.4213216098279,"Semibalanus.balanoides_EMmeanByROC_mergedData_mergedRun_mergedAlgo",0.768
"142",48,"ocean_temp",11.4541989698406,"Semibalanus.balanoides_EMmeanByROC_mergedData_mergedRun_mergedAlgo",0.771
"143",48,"ocean_temp",11.4541989698406,"Semibalanus.balanoides_EMciSupByTSS_mergedData_mergedRun_mergedAlgo",1
"144",48,"ocean_temp",11.4541989698406,"Semibalanus.balanoides_EMmeanByTSS_mergedData_mergedRun_mergedAlgo",0.746
"145",49,"ocean_temp",11.4870763298533,"Semibalanus.balanoides_EMmeanByROC_mergedData_mergedRun_mergedAlgo",0.7695
"146",49,"ocean_temp",11.4870763298533,"Semibalanus.balanoides_EMciSupByTSS_mergedData_mergedRun_mergedAlgo",1
"147",49,"ocean_temp",11.4870763298533,"Semibalanus.balanoides_EMmeanByTSS_mergedData_mergedRun_mergedAlgo",0.743
"148",50,"ocean_temp",11.519953689866,"Semibalanus.balanoides_EMmeanByROC_mergedData_mergedRun_mergedAlgo",0.778
"149",50,"ocean_temp",11.519953689866,"Semibalanus.balanoides_EMciSupByTSS_mergedData_mergedRun_mergedAlgo",1
"150",50,"ocean_temp",11.519953689866,"Semibalanus.balanoides_EMmeanByTSS_mergedData_mergedRun_mergedAlgo",0.76
"151",51,"ocean_temp",11.5528310498787,"Semibalanus.balanoides_EMmeanByROC_mergedData_mergedRun_mergedAlgo",0.7835
"152",51,"ocean_temp",11.5528310498787,"Semibalanus.balanoides_EMciSupByTSS_mergedData_mergedRun_mergedAlgo",1
"153",51,"ocean_temp",11.5528310498787,"Semibalanus.balanoides_EMmeanByTSS_mergedData_mergedRun_mergedAlgo",0.771
"154",52,"ocean_temp",11.5857084098913,"Semibalanus.balanoides_EMmeanByROC_mergedData_mergedRun_mergedAlgo",0.791
"155",52,"ocean_temp",11.5857084098913,"Semibalanus.balanoides_EMciSupByTSS_mergedData_mergedRun_mergedAlgo",1
"156",52,"ocean_temp",11.5857084098913,"Semibalanus.balanoides_EMmeanByTSS_mergedData_mergedRun_mergedAlgo",0.785
"157",53,"ocean_temp",11.618585769904,"Semibalanus.balanoides_EMmeanByROC_mergedData_mergedRun_mergedAlgo",0.8155
"158",53,"ocean_temp",11.618585769904,"Semibalanus.balanoides_EMciSupByTSS_mergedData_mergedRun_mergedAlgo",1
"159",53,"ocean_temp",11.618585769904,"Semibalanus.balanoides_EMmeanByTSS_mergedData_mergedRun_mergedAlgo",0.796
"160",54,"ocean_temp",11.6514631299167,"Semibalanus.balanoides_EMmeanByTSS_mergedData_mergedRun_mergedAlgo",0.792
"161",54,"ocean_temp",11.6514631299167,"Semibalanus.balanoides_EMmeanByROC_mergedData_mergedRun_mergedAlgo",0.8135
"162",54,"ocean_temp",11.6514631299167,"Semibalanus.balanoides_EMciSupByTSS_mergedData_mergedRun_mergedAlgo",1
"163",55,"ocean_temp",11.6843404899294,"Semibalanus.balanoides_EMmeanByROC_mergedData_mergedRun_mergedAlgo",0.8225
"164",55,"ocean_temp",11.6843404899294,"Semibalanus.balanoides_EMciSupByTSS_mergedData_mergedRun_mergedAlgo",1
"165",55,"ocean_temp",11.6843404899294,"Semibalanus.balanoides_EMmeanByTSS_mergedData_mergedRun_mergedAlgo",0.802
"166",56,"ocean_temp",11.7172178499421,"Semibalanus.balanoides_EMciSupByTSS_mergedData_mergedRun_mergedAlgo",1
"167",56,"ocean_temp",11.7172178499421,"Semibalanus.balanoides_EMmeanByROC_mergedData_mergedRun_mergedAlgo",0.831
"168",56,"ocean_temp",11.7172178499421,"Semibalanus.balanoides_EMmeanByTSS_mergedData_mergedRun_mergedAlgo",0.813
"169",57,"ocean_temp",11.7500952099548,"Semibalanus.balanoides_EMmeanByROC_mergedData_mergedRun_mergedAlgo",0.833
"170",57,"ocean_temp",11.7500952099548,"Semibalanus.balanoides_EMciSupByTSS_mergedData_mergedRun_mergedAlgo",1
"171",57,"ocean_temp",11.7500952099548,"Semibalanus.balanoides_EMmeanByTSS_mergedData_mergedRun_mergedAlgo",0.811
"172",58,"ocean_temp",11.7829725699675,"Semibalanus.balanoides_EMmeanByROC_mergedData_mergedRun_mergedAlgo",0.846
"173",58,"ocean_temp",11.7829725699675,"Semibalanus.balanoides_EMmeanByTSS_mergedData_mergedRun_mergedAlgo",0.827
"174",58,"ocean_temp",11.7829725699675,"Semibalanus.balanoides_EMciSupByTSS_mergedData_mergedRun_mergedAlgo",1
"175",59,"ocean_temp",11.8158499299802,"Semibalanus.balanoides_EMmeanByROC_mergedData_mergedRun_mergedAlgo",0.8585
"176",59,"ocean_temp",11.8158499299802,"Semibalanus.balanoides_EMciSupByTSS_mergedData_mergedRun_mergedAlgo",1
"177",59,"ocean_temp",11.8158499299802,"Semibalanus.balanoides_EMmeanByTSS_mergedData_mergedRun_mergedAlgo",0.847
"178",60,"ocean_temp",11.8487272899929,"Semibalanus.balanoides_EMciSupByTSS_mergedData_mergedRun_mergedAlgo",1
"179",60,"ocean_temp",11.8487272899929,"Semibalanus.balanoides_EMmeanByTSS_mergedData_mergedRun_mergedAlgo",0.847
"180",60,"ocean_temp",11.8487272899929,"Semibalanus.balanoides_EMmeanByROC_mergedData_mergedRun_mergedAlgo",0.859
"181",61,"ocean_temp",11.8816046500056,"Semibalanus.balanoides_EMmeanByTSS_mergedData_mergedRun_mergedAlgo",0.861
"182",61,"ocean_temp",11.8816046500056,"Semibalanus.balanoides_EMmeanByROC_mergedData_mergedRun_mergedAlgo",0.867
"183",61,"ocean_temp",11.8816046500056,"Semibalanus.balanoides_EMciSupByTSS_mergedData_mergedRun_mergedAlgo",1
"184",62,"ocean_temp",11.9144820100183,"Semibalanus.balanoides_EMmeanByROC_mergedData_mergedRun_mergedAlgo",0.8685
"185",62,"ocean_temp",11.9144820100183,"Semibalanus.balanoides_EMciSupByTSS_mergedData_mergedRun_mergedAlgo",1
"186",62,"ocean_temp",11.9144820100183,"Semibalanus.balanoides_EMmeanByTSS_mergedData_mergedRun_mergedAlgo",0.862
"187",63,"ocean_temp",11.947359370031,"Semibalanus.balanoides_EMciSupByTSS_mergedData_mergedRun_mergedAlgo",1
"188",63,"ocean_temp",11.947359370031,"Semibalanus.balanoides_EMmeanByROC_mergedData_mergedRun_mergedAlgo",0.8685
"189",63,"ocean_temp",11.947359370031,"Semibalanus.balanoides_EMmeanByTSS_mergedData_mergedRun_mergedAlgo",0.862
"190",64,"ocean_temp",11.9802367300437,"Semibalanus.balanoides_EMmeanByROC_mergedData_mergedRun_mergedAlgo",0.8685
"191",64,"ocean_temp",11.9802367300437,"Semibalanus.balanoides_EMciSupByTSS_mergedData_mergedRun_mergedAlgo",1
"192",64,"ocean_temp",11.9802367300437,"Semibalanus.balanoides_EMmeanByTSS_mergedData_mergedRun_mergedAlgo",0.862
"193",65,"ocean_temp",12.0131140900564,"Semibalanus.balanoides_EMmeanByROC_mergedData_mergedRun_mergedAlgo",0.8605
"194",65,"ocean_temp",12.0131140900564,"Semibalanus.balanoides_EMmeanByTSS_mergedData_mergedRun_mergedAlgo",0.851
"195",65,"ocean_temp",12.0131140900564,"Semibalanus.balanoides_EMciSupByTSS_mergedData_mergedRun_mergedAlgo",1
"196",66,"ocean_temp",12.0459914500691,"Semibalanus.balanoides_EMmeanByROC_mergedData_mergedRun_mergedAlgo",0.86
"197",66,"ocean_temp",12.0459914500691,"Semibalanus.balanoides_EMciSupByTSS_mergedData_mergedRun_mergedAlgo",1
"198",66,"ocean_temp",12.0459914500691,"Semibalanus.balanoides_EMmeanByTSS_mergedData_mergedRun_mergedAlgo",0.85
"199",67,"ocean_temp",12.0788688100818,"Semibalanus.balanoides_EMciSupByTSS_mergedData_mergedRun_mergedAlgo",1
"200",67,"ocean_temp",12.0788688100818,"Semibalanus.balanoides_EMmeanByTSS_mergedData_mergedRun_mergedAlgo",0.85
"201",67,"ocean_temp",12.0788688100818,"Semibalanus.balanoides_EMmeanByROC_mergedData_mergedRun_mergedAlgo",0.86
"202",68,"ocean_temp",12.1117461700945,"Semibalanus.balanoides_EMmeanByROC_mergedData_mergedRun_mergedAlgo",0.8305
"203",68,"ocean_temp",12.1117461700945,"Semibalanus.balanoides_EMciSupByTSS_mergedData_mergedRun_mergedAlgo",1
"204",68,"ocean_temp",12.1117461700945,"Semibalanus.balanoides_EMmeanByTSS_mergedData_mergedRun_mergedAlgo",0.807
"205",69,"ocean_temp",12.1446235301072,"Semibalanus.balanoides_EMmeanByROC_mergedData_mergedRun_mergedAlgo",0.831
"206",69,"ocean_temp",12.1446235301072,"Semibalanus.balanoides_EMciSupByTSS_mergedData_mergedRun_mergedAlgo",1
"207",69,"ocean_temp",12.1446235301072,"Semibalanus.balanoides_EMmeanByTSS_mergedData_mergedRun_mergedAlgo",0.807
"208",70,"ocean_temp",12.1775008901199,"Semibalanus.balanoides_EMmeanByROC_mergedData_mergedRun_mergedAlgo",0.827
"209",70,"ocean_temp",12.1775008901199,"Semibalanus.balanoides_EMciSupByTSS_mergedData_mergedRun_mergedAlgo",1
"210",70,"ocean_temp",12.1775008901199,"Semibalanus.balanoides_EMmeanByTSS_mergedData_mergedRun_mergedAlgo",0.803
"211",71,"ocean_temp",12.2103782501326,"Semibalanus.balanoides_EMmeanByROC_mergedData_mergedRun_mergedAlgo",0.817
"212",71,"ocean_temp",12.2103782501326,"Semibalanus.balanoides_EMciSupByTSS_mergedData_mergedRun_mergedAlgo",1
"213",71,"ocean_temp",12.2103782501326,"Semibalanus.balanoides_EMmeanByTSS_mergedData_mergedRun_mergedAlgo",0.802
"214",72,"ocean_temp",12.2432556101453,"Semibalanus.balanoides_EMmeanByROC_mergedData_mergedRun_mergedAlgo",0.814
"215",72,"ocean_temp",12.2432556101453,"Semibalanus.balanoides_EMciSupByTSS_mergedData_mergedRun_mergedAlgo",1
"216",72,"ocean_temp",12.2432556101453,"Semibalanus.balanoides_EMmeanByTSS_mergedData_mergedRun_mergedAlgo",0.801
"217",73,"ocean_temp",12.276132970158,"Semibalanus.balanoides_EMmeanByROC_mergedData_mergedRun_mergedAlgo",0.8135
"218",73,"ocean_temp",12.276132970158,"Semibalanus.balanoides_EMciSupByTSS_mergedData_mergedRun_mergedAlgo",1
"219",73,"ocean_temp",12.276132970158,"Semibalanus.balanoides_EMmeanByTSS_mergedData_mergedRun_mergedAlgo",0.801
"220",74,"ocean_temp",12.3090103301707,"Semibalanus.balanoides_EMmeanByTSS_mergedData_mergedRun_mergedAlgo",0.801
"221",74,"ocean_temp",12.3090103301707,"Semibalanus.balanoides_EMmeanByROC_mergedData_mergedRun_mergedAlgo",0.814
"222",74,"ocean_temp",12.3090103301707,"Semibalanus.balanoides_EMciSupByTSS_mergedData_mergedRun_mergedAlgo",1
"223",75,"ocean_temp",12.3418876901834,"Semibalanus.balanoides_EMmeanByROC_mergedData_mergedRun_mergedAlgo",0.823
"224",75,"ocean_temp",12.3418876901834,"Semibalanus.balanoides_EMciSupByTSS_mergedData_mergedRun_mergedAlgo",1
"225",75,"ocean_temp",12.3418876901834,"Semibalanus.balanoides_EMmeanByTSS_mergedData_mergedRun_mergedAlgo",0.803
"226",76,"ocean_temp",12.3747650501961,"Semibalanus.balanoides_EMciSupByTSS_mergedData_mergedRun_mergedAlgo",1
"227",76,"ocean_temp",12.3747650501961,"Semibalanus.balanoides_EMmeanByROC_mergedData_mergedRun_mergedAlgo",0.824
"228",76,"ocean_temp",12.3747650501961,"Semibalanus.balanoides_EMmeanByTSS_mergedData_mergedRun_mergedAlgo",0.807
"229",77,"ocean_temp",12.4076424102088,"Semibalanus.balanoides_EMmeanByROC_mergedData_mergedRun_mergedAlgo",0.8255
"230",77,"ocean_temp",12.4076424102088,"Semibalanus.balanoides_EMciSupByTSS_mergedData_mergedRun_mergedAlgo",1
"231",77,"ocean_temp",12.4076424102088,"Semibalanus.balanoides_EMmeanByTSS_mergedData_mergedRun_mergedAlgo",0.81
"232",78,"ocean_temp",12.4405197702215,"Semibalanus.balanoides_EMmeanByROC_mergedData_mergedRun_mergedAlgo",0.831
"233",78,"ocean_temp",12.4405197702215,"Semibalanus.balanoides_EMmeanByTSS_mergedData_mergedRun_mergedAlgo",0.812
"234",78,"ocean_temp",12.4405197702215,"Semibalanus.balanoides_EMciSupByTSS_mergedData_mergedRun_mergedAlgo",1
"235",79,"ocean_temp",12.4733971302342,"Semibalanus.balanoides_EMmeanByROC_mergedData_mergedRun_mergedAlgo",0.841
"236",79,"ocean_temp",12.4733971302342,"Semibalanus.balanoides_EMciSupByTSS_mergedData_mergedRun_mergedAlgo",1
"237",79,"ocean_temp",12.4733971302342,"Semibalanus.balanoides_EMmeanByTSS_mergedData_mergedRun_mergedAlgo",0.83
"238",80,"ocean_temp",12.5062744902469,"Semibalanus.balanoides_EMciSupByTSS_mergedData_mergedRun_mergedAlgo",1
"239",80,"ocean_temp",12.5062744902469,"Semibalanus.balanoides_EMmeanByTSS_mergedData_mergedRun_mergedAlgo",0.832
"240",80,"ocean_temp",12.5062744902469,"Semibalanus.balanoides_EMmeanByROC_mergedData_mergedRun_mergedAlgo",0.8405
"241",81,"ocean_temp",12.5391518502596,"Semibalanus.balanoides_EMmeanByTSS_mergedData_mergedRun_mergedAlgo",0.832
"242",81,"ocean_temp",12.5391518502596,"Semibalanus.balanoides_EMmeanByROC_mergedData_mergedRun_mergedAlgo",0.8455
"243",81,"ocean_temp",12.5391518502596,"Semibalanus.balanoides_EMciSupByTSS_mergedData_mergedRun_mergedAlgo",1
"244",82,"ocean_temp",12.5720292102722,"Semibalanus.balanoides_EMmeanByROC_mergedData_mergedRun_mergedAlgo",0.8665
"245",82,"ocean_temp",12.5720292102722,"Semibalanus.balanoides_EMciSupByTSS_mergedData_mergedRun_mergedAlgo",1
"246",82,"ocean_temp",12.5720292102722,"Semibalanus.balanoides_EMmeanByTSS_mergedData_mergedRun_mergedAlgo",0.856
"247",83,"ocean_temp",12.6049065702849,"Semibalanus.balanoides_EMciSupByTSS_mergedData_mergedRun_mergedAlgo",1
"248",83,"ocean_temp",12.6049065702849,"Semibalanus.balanoides_EMmeanByROC_mergedData_mergedRun_mergedAlgo",0.8695
"249",83,"ocean_temp",12.6049065702849,"Semibalanus.balanoides_EMmeanByTSS_mergedData_mergedRun_mergedAlgo",0.856
"250",84,"ocean_temp",12.6377839302976,"Semibalanus.balanoides_EMmeanByROC_mergedData_mergedRun_mergedAlgo",0.841
"251",84,"ocean_temp",12.6377839302976,"Semibalanus.balanoides_EMciSupByTSS_mergedData_mergedRun_mergedAlgo",1
"252",84,"ocean_temp",12.6377839302976,"Semibalanus.balanoides_EMmeanByTSS_mergedData_mergedRun_mergedAlgo",0.813
"253",85,"ocean_temp",12.6706612903103,"Semibalanus.balanoides_EMmeanByROC_mergedData_mergedRun_mergedAlgo",0.841
"254",85,"ocean_temp",12.6706612903103,"Semibalanus.balanoides_EMmeanByTSS_mergedData_mergedRun_mergedAlgo",0.813
"255",85,"ocean_temp",12.6706612903103,"Semibalanus.balanoides_EMciSupByTSS_mergedData_mergedRun_mergedAlgo",1
"256",86,"ocean_temp",12.703538650323,"Semibalanus.balanoides_EMmeanByROC_mergedData_mergedRun_mergedAlgo",0.839
"257",86,"ocean_temp",12.703538650323,"Semibalanus.balanoides_EMciSupByTSS_mergedData_mergedRun_mergedAlgo",1
"258",86,"ocean_temp",12.703538650323,"Semibalanus.balanoides_EMmeanByTSS_mergedData_mergedRun_mergedAlgo",0.811
"259",87,"ocean_temp",12.7364160103357,"Semibalanus.balanoides_EMciSupByTSS_mergedData_mergedRun_mergedAlgo",1
"260",87,"ocean_temp",12.7364160103357,"Semibalanus.balanoides_EMmeanByTSS_mergedData_mergedRun_mergedAlgo",0.811
"261",87,"ocean_temp",12.7364160103357,"Semibalanus.balanoides_EMmeanByROC_mergedData_mergedRun_mergedAlgo",0.839
"262",88,"ocean_temp",12.7692933703484,"Semibalanus.balanoides_EMmeanByROC_mergedData_mergedRun_mergedAlgo",0.8555
"263",88,"ocean_temp",12.7692933703484,"Semibalanus.balanoides_EMciSupByTSS_mergedData_mergedRun_mergedAlgo",1
"264",88,"ocean_temp",12.7692933703484,"Semibalanus.balanoides_EMmeanByTSS_mergedData_mergedRun_mergedAlgo",0.827
"265",89,"ocean_temp",12.8021707303611,"Semibalanus.balanoides_EMmeanByROC_mergedData_mergedRun_mergedAlgo",0.8565
"266",89,"ocean_temp",12.8021707303611,"Semibalanus.balanoides_EMciSupByTSS_mergedData_mergedRun_mergedAlgo",1
"267",89,"ocean_temp",12.8021707303611,"Semibalanus.balanoides_EMmeanByTSS_mergedData_mergedRun_mergedAlgo",0.828
"268",90,"ocean_temp",12.8350480903738,"Semibalanus.balanoides_EMmeanByROC_mergedData_mergedRun_mergedAlgo",0.863
"269",90,"ocean_temp",12.8350480903738,"Semibalanus.balanoides_EMciSupByTSS_mergedData_mergedRun_mergedAlgo",1
"270",90,"ocean_temp",12.8350480903738,"Semibalanus.balanoides_EMmeanByTSS_mergedData_mergedRun_mergedAlgo",0.835
"271",91,"ocean_temp",12.8679254503865,"Semibalanus.balanoides_EMmeanByROC_mergedData_mergedRun_mergedAlgo",0.8625
"272",91,"ocean_temp",12.8679254503865,"Semibalanus.balanoides_EMciSupByTSS_mergedData_mergedRun_mergedAlgo",1
"273",91,"ocean_temp",12.8679254503865,"Semibalanus.balanoides_EMmeanByTSS_mergedData_mergedRun_mergedAlgo",0.835
"274",92,"ocean_temp",12.9008028103992,"Semibalanus.balanoides_EMmeanByROC_mergedData_mergedRun_mergedAlgo",0.8405
"275",92,"ocean_temp",12.9008028103992,"Semibalanus.balanoides_EMciSupByTSS_mergedData_mergedRun_mergedAlgo",1
"276",92,"ocean_temp",12.9008028103992,"Semibalanus.balanoides_EMmeanByTSS_mergedData_mergedRun_mergedAlgo",0.791
"277",93,"ocean_temp",12.9336801704119,"Semibalanus.balanoides_EMmeanByROC_mergedData_mergedRun_mergedAlgo",0.8405
"278",93,"ocean_temp",12.9336801704119,"Semibalanus.balanoides_EMciSupByTSS_mergedData_mergedRun_mergedAlgo",1
"279",93,"ocean_temp",12.9336801704119,"Semibalanus.balanoides_EMmeanByTSS_mergedData_mergedRun_mergedAlgo",0.791
"280",94,"ocean_temp",12.9665575304246,"Semibalanus.balanoides_EMmeanByTSS_mergedData_mergedRun_mergedAlgo",0.791
"281",94,"ocean_temp",12.9665575304246,"Semibalanus.balanoides_EMmeanByROC_mergedData_mergedRun_mergedAlgo",0.8405
"282",94,"ocean_temp",12.9665575304246,"Semibalanus.balanoides_EMciSupByTSS_mergedData_mergedRun_mergedAlgo",1
"283",95,"ocean_temp",12.9994348904373,"Semibalanus.balanoides_EMmeanByROC_mergedData_mergedRun_mergedAlgo",0.8085
"284",95,"ocean_temp",12.9994348904373,"Semibalanus.balanoides_EMciSupByTSS_mergedData_mergedRun_mergedAlgo",1
"285",95,"ocean_temp",12.9994348904373,"Semibalanus.balanoides_EMmeanByTSS_mergedData_mergedRun_mergedAlgo",0.767
"286",96,"ocean_temp",13.03231225045,"Semibalanus.balanoides_EMciSupByTSS_mergedData_mergedRun_mergedAlgo",1
"287",96,"ocean_temp",13.03231225045,"Semibalanus.balanoides_EMmeanByROC_mergedData_mergedRun_mergedAlgo",0.7965
"288",96,"ocean_temp",13.03231225045,"Semibalanus.balanoides_EMmeanByTSS_mergedData_mergedRun_mergedAlgo",0.764
"289",97,"ocean_temp",13.0651896104627,"Semibalanus.balanoides_EMmeanByROC_mergedData_mergedRun_mergedAlgo",0.7965
"290",97,"ocean_temp",13.0651896104627,"Semibalanus.balanoides_EMciSupByTSS_mergedData_mergedRun_mergedAlgo",1
"291",97,"ocean_temp",13.0651896104627,"Semibalanus.balanoides_EMmeanByTSS_mergedData_mergedRun_mergedAlgo",0.764
"292",98,"ocean_temp",13.0980669704754,"Semibalanus.balanoides_EMmeanByROC_mergedData_mergedRun_mergedAlgo",0.7965
"293",98,"ocean_temp",13.0980669704754,"Semibalanus.balanoides_EMmeanByTSS_mergedData_mergedRun_mergedAlgo",0.764
"294",98,"ocean_temp",13.0980669704754,"Semibalanus.balanoides_EMciSupByTSS_mergedData_mergedRun_mergedAlgo",1
"295",99,"ocean_temp",13.1309443304881,"Semibalanus.balanoides_EMmeanByROC_mergedData_mergedRun_mergedAlgo",0.7965
"296",99,"ocean_temp",13.1309443304881,"Semibalanus.balanoides_EMciSupByTSS_mergedData_mergedRun_mergedAlgo",1
"297",99,"ocean_temp",13.1309443304881,"Semibalanus.balanoides_EMmeanByTSS_mergedData_mergedRun_mergedAlgo",0.764
"298",100,"ocean_temp",13.1638216905008,"Semibalanus.balanoides_EMciSupByTSS_mergedData_mergedRun_mergedAlgo",1
"299",100,"ocean_temp",13.1638216905008,"Semibalanus.balanoides_EMmeanByTSS_mergedData_mergedRun_mergedAlgo",0.764
"300",100,"ocean_temp",13.1638216905008,"Semibalanus.balanoides_EMmeanByROC_mergedData_mergedRun_mergedAlgo",0.7965
"301",1,"ph",8.03741215577341,"Semibalanus.balanoides_EMmeanByTSS_mergedData_mergedRun_mergedAlgo",0.671
"302",1,"ph",8.03741215577341,"Semibalanus.balanoides_EMmeanByROC_mergedData_mergedRun_mergedAlgo",0.7025
"303",1,"ph",8.03741215577341,"Semibalanus.balanoides_EMciSupByTSS_mergedData_mergedRun_mergedAlgo",1
"304",2,"ph",8.03816398248628,"Semibalanus.balanoides_EMmeanByROC_mergedData_mergedRun_mergedAlgo",0.7025
"305",2,"ph",8.03816398248628,"Semibalanus.balanoides_EMciSupByTSS_mergedData_mergedRun_mergedAlgo",1
"306",2,"ph",8.03816398248628,"Semibalanus.balanoides_EMmeanByTSS_mergedData_mergedRun_mergedAlgo",0.671
"307",3,"ph",8.03891580919915,"Semibalanus.balanoides_EMciSupByTSS_mergedData_mergedRun_mergedAlgo",1
"308",3,"ph",8.03891580919915,"Semibalanus.balanoides_EMmeanByROC_mergedData_mergedRun_mergedAlgo",0.7025
"309",3,"ph",8.03891580919915,"Semibalanus.balanoides_EMmeanByTSS_mergedData_mergedRun_mergedAlgo",0.671
"310",4,"ph",8.03966763591201,"Semibalanus.balanoides_EMmeanByROC_mergedData_mergedRun_mergedAlgo",0.7025
"311",4,"ph",8.03966763591201,"Semibalanus.balanoides_EMciSupByTSS_mergedData_mergedRun_mergedAlgo",1
"312",4,"ph",8.03966763591201,"Semibalanus.balanoides_EMmeanByTSS_mergedData_mergedRun_mergedAlgo",0.671
"313",5,"ph",8.04041946262488,"Semibalanus.balanoides_EMmeanByROC_mergedData_mergedRun_mergedAlgo",0.7025
"314",5,"ph",8.04041946262488,"Semibalanus.balanoides_EMmeanByTSS_mergedData_mergedRun_mergedAlgo",0.671
"315",5,"ph",8.04041946262488,"Semibalanus.balanoides_EMciSupByTSS_mergedData_mergedRun_mergedAlgo",1
"316",6,"ph",8.04117128933775,"Semibalanus.balanoides_EMmeanByROC_mergedData_mergedRun_mergedAlgo",0.7025
"317",6,"ph",8.04117128933775,"Semibalanus.balanoides_EMciSupByTSS_mergedData_mergedRun_mergedAlgo",1
"318",6,"ph",8.04117128933775,"Semibalanus.balanoides_EMmeanByTSS_mergedData_mergedRun_mergedAlgo",0.671
"319",7,"ph",8.04192311605062,"Semibalanus.balanoides_EMciSupByTSS_mergedData_mergedRun_mergedAlgo",1
"320",7,"ph",8.04192311605062,"Semibalanus.balanoides_EMmeanByTSS_mergedData_mergedRun_mergedAlgo",0.671
"321",7,"ph",8.04192311605062,"Semibalanus.balanoides_EMmeanByROC_mergedData_mergedRun_mergedAlgo",0.7085
"322",8,"ph",8.04267494276348,"Semibalanus.balanoides_EMmeanByROC_mergedData_mergedRun_mergedAlgo",0.7105
"323",8,"ph",8.04267494276348,"Semibalanus.balanoides_EMciSupByTSS_mergedData_mergedRun_mergedAlgo",1
"324",8,"ph",8.04267494276348,"Semibalanus.balanoides_EMmeanByTSS_mergedData_mergedRun_mergedAlgo",0.671
"325",9,"ph",8.04342676947635,"Semibalanus.balanoides_EMmeanByROC_mergedData_mergedRun_mergedAlgo",0.712
"326",9,"ph",8.04342676947635,"Semibalanus.balanoides_EMciSupByTSS_mergedData_mergedRun_mergedAlgo",1
"327",9,"ph",8.04342676947635,"Semibalanus.balanoides_EMmeanByTSS_mergedData_mergedRun_mergedAlgo",0.671
"328",10,"ph",8.04417859618922,"Semibalanus.balanoides_EMmeanByROC_mergedData_mergedRun_mergedAlgo",0.712
"329",10,"ph",8.04417859618922,"Semibalanus.balanoides_EMciSupByTSS_mergedData_mergedRun_mergedAlgo",1
"330",10,"ph",8.04417859618922,"Semibalanus.balanoides_EMmeanByTSS_mergedData_mergedRun_mergedAlgo",0.671
"331",11,"ph",8.04493042290208,"Semibalanus.balanoides_EMmeanByROC_mergedData_mergedRun_mergedAlgo",0.712
"332",11,"ph",8.04493042290208,"Semibalanus.balanoides_EMciSupByTSS_mergedData_mergedRun_mergedAlgo",1
"333",11,"ph",8.04493042290208,"Semibalanus.balanoides_EMmeanByTSS_mergedData_mergedRun_mergedAlgo",0.671
"334",12,"ph",8.04568224961495,"Semibalanus.balanoides_EMmeanByROC_mergedData_mergedRun_mergedAlgo",0.712
"335",12,"ph",8.04568224961495,"Semibalanus.balanoides_EMciSupByTSS_mergedData_mergedRun_mergedAlgo",1
"336",12,"ph",8.04568224961495,"Semibalanus.balanoides_EMmeanByTSS_mergedData_mergedRun_mergedAlgo",0.671
"337",13,"ph",8.04643407632782,"Semibalanus.balanoides_EMmeanByROC_mergedData_mergedRun_mergedAlgo",0.712
"338",13,"ph",8.04643407632782,"Semibalanus.balanoides_EMciSupByTSS_mergedData_mergedRun_mergedAlgo",1
"339",13,"ph",8.04643407632782,"Semibalanus.balanoides_EMmeanByTSS_mergedData_mergedRun_mergedAlgo",0.671
"340",14,"ph",8.04718590304068,"Semibalanus.balanoides_EMmeanByTSS_mergedData_mergedRun_mergedAlgo",0.654
"341",14,"ph",8.04718590304068,"Semibalanus.balanoides_EMmeanByROC_mergedData_mergedRun_mergedAlgo",0.699
"342",14,"ph",8.04718590304068,"Semibalanus.balanoides_EMciSupByTSS_mergedData_mergedRun_mergedAlgo",1
"343",15,"ph",8.04793772975355,"Semibalanus.balanoides_EMmeanByROC_mergedData_mergedRun_mergedAlgo",0.712
"344",15,"ph",8.04793772975355,"Semibalanus.balanoides_EMciSupByTSS_mergedData_mergedRun_mergedAlgo",1
"345",15,"ph",8.04793772975355,"Semibalanus.balanoides_EMmeanByTSS_mergedData_mergedRun_mergedAlgo",0.664
"346",16,"ph",8.04868955646642,"Semibalanus.balanoides_EMciSupByTSS_mergedData_mergedRun_mergedAlgo",1
"347",16,"ph",8.04868955646642,"Semibalanus.balanoides_EMmeanByROC_mergedData_mergedRun_mergedAlgo",0.687
"348",16,"ph",8.04868955646642,"Semibalanus.balanoides_EMmeanByTSS_mergedData_mergedRun_mergedAlgo",0.633
"349",17,"ph",8.04944138317929,"Semibalanus.balanoides_EMmeanByROC_mergedData_mergedRun_mergedAlgo",0.6875
"350",17,"ph",8.04944138317929,"Semibalanus.balanoides_EMciSupByTSS_mergedData_mergedRun_mergedAlgo",1
"351",17,"ph",8.04944138317929,"Semibalanus.balanoides_EMmeanByTSS_mergedData_mergedRun_mergedAlgo",0.628
"352",18,"ph",8.05019320989215,"Semibalanus.balanoides_EMmeanByROC_mergedData_mergedRun_mergedAlgo",0.6865
"353",18,"ph",8.05019320989215,"Semibalanus.balanoides_EMmeanByTSS_mergedData_mergedRun_mergedAlgo",0.63
"354",18,"ph",8.05019320989215,"Semibalanus.balanoides_EMciSupByTSS_mergedData_mergedRun_mergedAlgo",1
"355",19,"ph",8.05094503660502,"Semibalanus.balanoides_EMmeanByROC_mergedData_mergedRun_mergedAlgo",0.676
"356",19,"ph",8.05094503660502,"Semibalanus.balanoides_EMciSupByTSS_mergedData_mergedRun_mergedAlgo",1
"357",19,"ph",8.05094503660502,"Semibalanus.balanoides_EMmeanByTSS_mergedData_mergedRun_mergedAlgo",0.627
"358",20,"ph",8.05169686331789,"Semibalanus.balanoides_EMciSupByTSS_mergedData_mergedRun_mergedAlgo",1
"359",20,"ph",8.05169686331789,"Semibalanus.balanoides_EMmeanByTSS_mergedData_mergedRun_mergedAlgo",0.609
"360",20,"ph",8.05169686331789,"Semibalanus.balanoides_EMmeanByROC_mergedData_mergedRun_mergedAlgo",0.6565
"361",21,"ph",8.05244869003075,"Semibalanus.balanoides_EMmeanByTSS_mergedData_mergedRun_mergedAlgo",0.611
"362",21,"ph",8.05244869003075,"Semibalanus.balanoides_EMmeanByROC_mergedData_mergedRun_mergedAlgo",0.6615
"363",21,"ph",8.05244869003075,"Semibalanus.balanoides_EMciSupByTSS_mergedData_mergedRun_mergedAlgo",1
"364",22,"ph",8.05320051674362,"Semibalanus.balanoides_EMmeanByROC_mergedData_mergedRun_mergedAlgo",0.6645
"365",22,"ph",8.05320051674362,"Semibalanus.balanoides_EMciSupByTSS_mergedData_mergedRun_mergedAlgo",1
"366",22,"ph",8.05320051674362,"Semibalanus.balanoides_EMmeanByTSS_mergedData_mergedRun_mergedAlgo",0.614
"367",23,"ph",8.05395234345649,"Semibalanus.balanoides_EMciSupByTSS_mergedData_mergedRun_mergedAlgo",1
"368",23,"ph",8.05395234345649,"Semibalanus.balanoides_EMmeanByROC_mergedData_mergedRun_mergedAlgo",0.6575
"369",23,"ph",8.05395234345649,"Semibalanus.balanoides_EMmeanByTSS_mergedData_mergedRun_mergedAlgo",0.607
"370",24,"ph",8.05470417016936,"Semibalanus.balanoides_EMmeanByROC_mergedData_mergedRun_mergedAlgo",0.6545
"371",24,"ph",8.05470417016936,"Semibalanus.balanoides_EMciSupByTSS_mergedData_mergedRun_mergedAlgo",1
"372",24,"ph",8.05470417016936,"Semibalanus.balanoides_EMmeanByTSS_mergedData_mergedRun_mergedAlgo",0.605
"373",25,"ph",8.05545599688222,"Semibalanus.balanoides_EMmeanByROC_mergedData_mergedRun_mergedAlgo",0.659
"374",25,"ph",8.05545599688222,"Semibalanus.balanoides_EMmeanByTSS_mergedData_mergedRun_mergedAlgo",0.605
"375",25,"ph",8.05545599688222,"Semibalanus.balanoides_EMciSupByTSS_mergedData_mergedRun_mergedAlgo",1
"376",26,"ph",8.05620782359509,"Semibalanus.balanoides_EMmeanByROC_mergedData_mergedRun_mergedAlgo",0.6585
"377",26,"ph",8.05620782359509,"Semibalanus.balanoides_EMciSupByTSS_mergedData_mergedRun_mergedAlgo",1
"378",26,"ph",8.05620782359509,"Semibalanus.balanoides_EMmeanByTSS_mergedData_mergedRun_mergedAlgo",0.605
"379",27,"ph",8.05695965030796,"Semibalanus.balanoides_EMciSupByTSS_mergedData_mergedRun_mergedAlgo",1
"380",27,"ph",8.05695965030796,"Semibalanus.balanoides_EMmeanByTSS_mergedData_mergedRun_mergedAlgo",0.605
"381",27,"ph",8.05695965030796,"Semibalanus.balanoides_EMmeanByROC_mergedData_mergedRun_mergedAlgo",0.659
"382",28,"ph",8.05771147702083,"Semibalanus.balanoides_EMmeanByROC_mergedData_mergedRun_mergedAlgo",0.6605
"383",28,"ph",8.05771147702083,"Semibalanus.balanoides_EMciSupByTSS_mergedData_mergedRun_mergedAlgo",1
"384",28,"ph",8.05771147702083,"Semibalanus.balanoides_EMmeanByTSS_mergedData_mergedRun_mergedAlgo",0.606
"385",29,"ph",8.05846330373369,"Semibalanus.balanoides_EMmeanByROC_mergedData_mergedRun_mergedAlgo",0.6605
"386",29,"ph",8.05846330373369,"Semibalanus.balanoides_EMciSupByTSS_mergedData_mergedRun_mergedAlgo",1
"387",29,"ph",8.05846330373369,"Semibalanus.balanoides_EMmeanByTSS_mergedData_mergedRun_mergedAlgo",0.608
"388",30,"ph",8.05921513044656,"Semibalanus.balanoides_EMmeanByROC_mergedData_mergedRun_mergedAlgo",0.66
"389",30,"ph",8.05921513044656,"Semibalanus.balanoides_EMciSupByTSS_mergedData_mergedRun_mergedAlgo",1
"390",30,"ph",8.05921513044656,"Semibalanus.balanoides_EMmeanByTSS_mergedData_mergedRun_mergedAlgo",0.607
"391",31,"ph",8.05996695715943,"Semibalanus.balanoides_EMmeanByROC_mergedData_mergedRun_mergedAlgo",0.684
"392",31,"ph",8.05996695715943,"Semibalanus.balanoides_EMciSupByTSS_mergedData_mergedRun_mergedAlgo",1
"393",31,"ph",8.05996695715943,"Semibalanus.balanoides_EMmeanByTSS_mergedData_mergedRun_mergedAlgo",0.614
"394",32,"ph",8.06071878387229,"Semibalanus.balanoides_EMmeanByROC_mergedData_mergedRun_mergedAlgo",0.688
"395",32,"ph",8.06071878387229,"Semibalanus.balanoides_EMciSupByTSS_mergedData_mergedRun_mergedAlgo",1
"396",32,"ph",8.06071878387229,"Semibalanus.balanoides_EMmeanByTSS_mergedData_mergedRun_mergedAlgo",0.614
"397",33,"ph",8.06147061058516,"Semibalanus.balanoides_EMmeanByROC_mergedData_mergedRun_mergedAlgo",0.691
"398",33,"ph",8.06147061058516,"Semibalanus.balanoides_EMciSupByTSS_mergedData_mergedRun_mergedAlgo",1
"399",33,"ph",8.06147061058516,"Semibalanus.balanoides_EMmeanByTSS_mergedData_mergedRun_mergedAlgo",0.62
"400",34,"ph",8.06222243729803,"Semibalanus.balanoides_EMmeanByTSS_mergedData_mergedRun_mergedAlgo",0.62
"401",34,"ph",8.06222243729803,"Semibalanus.balanoides_EMmeanByROC_mergedData_mergedRun_mergedAlgo",0.691
"402",34,"ph",8.06222243729803,"Semibalanus.balanoides_EMciSupByTSS_mergedData_mergedRun_mergedAlgo",1
"403",35,"ph",8.0629742640109,"Semibalanus.balanoides_EMmeanByROC_mergedData_mergedRun_mergedAlgo",0.691
"404",35,"ph",8.0629742640109,"Semibalanus.balanoides_EMciSupByTSS_mergedData_mergedRun_mergedAlgo",1
"405",35,"ph",8.0629742640109,"Semibalanus.balanoides_EMmeanByTSS_mergedData_mergedRun_mergedAlgo",0.62
"406",36,"ph",8.06372609072376,"Semibalanus.balanoides_EMciSupByTSS_mergedData_mergedRun_mergedAlgo",1
"407",36,"ph",8.06372609072376,"Semibalanus.balanoides_EMmeanByROC_mergedData_mergedRun_mergedAlgo",0.698
"408",36,"ph",8.06372609072376,"Semibalanus.balanoides_EMmeanByTSS_mergedData_mergedRun_mergedAlgo",0.625
"409",37,"ph",8.06447791743663,"Semibalanus.balanoides_EMmeanByROC_mergedData_mergedRun_mergedAlgo",0.7425
"410",37,"ph",8.06447791743663,"Semibalanus.balanoides_EMciSupByTSS_mergedData_mergedRun_mergedAlgo",1
"411",37,"ph",8.06447791743663,"Semibalanus.balanoides_EMmeanByTSS_mergedData_mergedRun_mergedAlgo",0.69
"412",38,"ph",8.0652297441495,"Semibalanus.balanoides_EMmeanByROC_mergedData_mergedRun_mergedAlgo",0.728
"413",38,"ph",8.0652297441495,"Semibalanus.balanoides_EMmeanByTSS_mergedData_mergedRun_mergedAlgo",0.689
"414",38,"ph",8.0652297441495,"Semibalanus.balanoides_EMciSupByTSS_mergedData_mergedRun_mergedAlgo",1
"415",39,"ph",8.06598157086236,"Semibalanus.balanoides_EMmeanByROC_mergedData_mergedRun_mergedAlgo",0.7005
"416",39,"ph",8.06598157086236,"Semibalanus.balanoides_EMciSupByTSS_mergedData_mergedRun_mergedAlgo",1
"417",39,"ph",8.06598157086236,"Semibalanus.balanoides_EMmeanByTSS_mergedData_mergedRun_mergedAlgo",0.67
"418",40,"ph",8.06673339757523,"Semibalanus.balanoides_EMciSupByTSS_mergedData_mergedRun_mergedAlgo",1
"419",40,"ph",8.06673339757523,"Semibalanus.balanoides_EMmeanByTSS_mergedData_mergedRun_mergedAlgo",0.679
"420",40,"ph",8.06673339757523,"Semibalanus.balanoides_EMmeanByROC_mergedData_mergedRun_mergedAlgo",0.706
"421",41,"ph",8.0674852242881,"Semibalanus.balanoides_EMmeanByTSS_mergedData_mergedRun_mergedAlgo",0.705
"422",41,"ph",8.0674852242881,"Semibalanus.balanoides_EMmeanByROC_mergedData_mergedRun_mergedAlgo",0.7215
"423",41,"ph",8.0674852242881,"Semibalanus.balanoides_EMciSupByTSS_mergedData_mergedRun_mergedAlgo",1
"424",42,"ph",8.06823705100097,"Semibalanus.balanoides_EMmeanByROC_mergedData_mergedRun_mergedAlgo",0.704
"425",42,"ph",8.06823705100097,"Semibalanus.balanoides_EMciSupByTSS_mergedData_mergedRun_mergedAlgo",1
"426",42,"ph",8.06823705100097,"Semibalanus.balanoides_EMmeanByTSS_mergedData_mergedRun_mergedAlgo",0.694
"427",43,"ph",8.06898887771383,"Semibalanus.balanoides_EMciSupByTSS_mergedData_mergedRun_mergedAlgo",1
"428",43,"ph",8.06898887771383,"Semibalanus.balanoides_EMmeanByROC_mergedData_mergedRun_mergedAlgo",0.7
"429",43,"ph",8.06898887771383,"Semibalanus.balanoides_EMmeanByTSS_mergedData_mergedRun_mergedAlgo",0.69
"430",44,"ph",8.0697407044267,"Semibalanus.balanoides_EMmeanByROC_mergedData_mergedRun_mergedAlgo",0.7005
"431",44,"ph",8.0697407044267,"Semibalanus.balanoides_EMciSupByTSS_mergedData_mergedRun_mergedAlgo",1
"432",44,"ph",8.0697407044267,"Semibalanus.balanoides_EMmeanByTSS_mergedData_mergedRun_mergedAlgo",0.69
"433",45,"ph",8.07049253113957,"Semibalanus.balanoides_EMmeanByROC_mergedData_mergedRun_mergedAlgo",0.7
"434",45,"ph",8.07049253113957,"Semibalanus.balanoides_EMmeanByTSS_mergedData_mergedRun_mergedAlgo",0.69
"435",45,"ph",8.07049253113957,"Semibalanus.balanoides_EMciSupByTSS_mergedData_mergedRun_mergedAlgo",1
"436",46,"ph",8.07124435785243,"Semibalanus.balanoides_EMmeanByROC_mergedData_mergedRun_mergedAlgo",0.7005
"437",46,"ph",8.07124435785243,"Semibalanus.balanoides_EMciSupByTSS_mergedData_mergedRun_mergedAlgo",1
"438",46,"ph",8.07124435785243,"Semibalanus.balanoides_EMmeanByTSS_mergedData_mergedRun_mergedAlgo",0.691
"439",47,"ph",8.0719961845653,"Semibalanus.balanoides_EMciSupByTSS_mergedData_mergedRun_mergedAlgo",1
"440",47,"ph",8.0719961845653,"Semibalanus.balanoides_EMmeanByTSS_mergedData_mergedRun_mergedAlgo",0.691
"441",47,"ph",8.0719961845653,"Semibalanus.balanoides_EMmeanByROC_mergedData_mergedRun_mergedAlgo",0.7005
"442",48,"ph",8.07274801127817,"Semibalanus.balanoides_EMmeanByROC_mergedData_mergedRun_mergedAlgo",0.7
"443",48,"ph",8.07274801127817,"Semibalanus.balanoides_EMciSupByTSS_mergedData_mergedRun_mergedAlgo",1
"444",48,"ph",8.07274801127817,"Semibalanus.balanoides_EMmeanByTSS_mergedData_mergedRun_mergedAlgo",0.69
"445",49,"ph",8.07349983799103,"Semibalanus.balanoides_EMmeanByROC_mergedData_mergedRun_mergedAlgo",0.7055
"446",49,"ph",8.07349983799103,"Semibalanus.balanoides_EMciSupByTSS_mergedData_mergedRun_mergedAlgo",1
"447",49,"ph",8.07349983799103,"Semibalanus.balanoides_EMmeanByTSS_mergedData_mergedRun_mergedAlgo",0.696
"448",50,"ph",8.0742516647039,"Semibalanus.balanoides_EMmeanByROC_mergedData_mergedRun_mergedAlgo",0.6935
"449",50,"ph",8.0742516647039,"Semibalanus.balanoides_EMciSupByTSS_mergedData_mergedRun_mergedAlgo",1
"450",50,"ph",8.0742516647039,"Semibalanus.balanoides_EMmeanByTSS_mergedData_mergedRun_mergedAlgo",0.682
"451",51,"ph",8.07500349141677,"Semibalanus.balanoides_EMmeanByROC_mergedData_mergedRun_mergedAlgo",0.6935
"452",51,"ph",8.07500349141677,"Semibalanus.balanoides_EMciSupByTSS_mergedData_mergedRun_mergedAlgo",1
"453",51,"ph",8.07500349141677,"Semibalanus.balanoides_EMmeanByTSS_mergedData_mergedRun_mergedAlgo",0.682
"454",52,"ph",8.07575531812964,"Semibalanus.balanoides_EMmeanByROC_mergedData_mergedRun_mergedAlgo",0.692
"455",52,"ph",8.07575531812964,"Semibalanus.balanoides_EMciSupByTSS_mergedData_mergedRun_mergedAlgo",1
"456",52,"ph",8.07575531812964,"Semibalanus.balanoides_EMmeanByTSS_mergedData_mergedRun_mergedAlgo",0.679
"457",53,"ph",8.0765071448425,"Semibalanus.balanoides_EMmeanByROC_mergedData_mergedRun_mergedAlgo",0.6925
"458",53,"ph",8.0765071448425,"Semibalanus.balanoides_EMciSupByTSS_mergedData_mergedRun_mergedAlgo",1
"459",53,"ph",8.0765071448425,"Semibalanus.balanoides_EMmeanByTSS_mergedData_mergedRun_mergedAlgo",0.679
"460",54,"ph",8.07725897155537,"Semibalanus.balanoides_EMmeanByTSS_mergedData_mergedRun_mergedAlgo",0.664
"461",54,"ph",8.07725897155537,"Semibalanus.balanoides_EMmeanByROC_mergedData_mergedRun_mergedAlgo",0.678
"462",54,"ph",8.07725897155537,"Semibalanus.balanoides_EMciSupByTSS_mergedData_mergedRun_mergedAlgo",1
"463",55,"ph",8.07801079826824,"Semibalanus.balanoides_EMmeanByROC_mergedData_mergedRun_mergedAlgo",0.678
"464",55,"ph",8.07801079826824,"Semibalanus.balanoides_EMciSupByTSS_mergedData_mergedRun_mergedAlgo",1
"465",55,"ph",8.07801079826824,"Semibalanus.balanoides_EMmeanByTSS_mergedData_mergedRun_mergedAlgo",0.664
"466",56,"ph",8.07876262498111,"Semibalanus.balanoides_EMciSupByTSS_mergedData_mergedRun_mergedAlgo",1
"467",56,"ph",8.07876262498111,"Semibalanus.balanoides_EMmeanByROC_mergedData_mergedRun_mergedAlgo",0.678
"468",56,"ph",8.07876262498111,"Semibalanus.balanoides_EMmeanByTSS_mergedData_mergedRun_mergedAlgo",0.664
"469",57,"ph",8.07951445169397,"Semibalanus.balanoides_EMmeanByROC_mergedData_mergedRun_mergedAlgo",0.678
"470",57,"ph",8.07951445169397,"Semibalanus.balanoides_EMciSupByTSS_mergedData_mergedRun_mergedAlgo",1
"471",57,"ph",8.07951445169397,"Semibalanus.balanoides_EMmeanByTSS_mergedData_mergedRun_mergedAlgo",0.664
"472",58,"ph",8.08026627840684,"Semibalanus.balanoides_EMmeanByROC_mergedData_mergedRun_mergedAlgo",0.678
"473",58,"ph",8.08026627840684,"Semibalanus.balanoides_EMmeanByTSS_mergedData_mergedRun_mergedAlgo",0.664
"474",58,"ph",8.08026627840684,"Semibalanus.balanoides_EMciSupByTSS_mergedData_mergedRun_mergedAlgo",1
"475",59,"ph",8.08101810511971,"Semibalanus.balanoides_EMmeanByROC_mergedData_mergedRun_mergedAlgo",0.678
"476",59,"ph",8.08101810511971,"Semibalanus.balanoides_EMciSupByTSS_mergedData_mergedRun_mergedAlgo",1
"477",59,"ph",8.08101810511971,"Semibalanus.balanoides_EMmeanByTSS_mergedData_mergedRun_mergedAlgo",0.664
"478",60,"ph",8.08176993183257,"Semibalanus.balanoides_EMciSupByTSS_mergedData_mergedRun_mergedAlgo",1
"479",60,"ph",8.08176993183257,"Semibalanus.balanoides_EMmeanByTSS_mergedData_mergedRun_mergedAlgo",0.664
"480",60,"ph",8.08176993183257,"Semibalanus.balanoides_EMmeanByROC_mergedData_mergedRun_mergedAlgo",0.678
"481",61,"ph",8.08252175854544,"Semibalanus.balanoides_EMmeanByTSS_mergedData_mergedRun_mergedAlgo",0.664
"482",61,"ph",8.08252175854544,"Semibalanus.balanoides_EMmeanByROC_mergedData_mergedRun_mergedAlgo",0.678
"483",61,"ph",8.08252175854544,"Semibalanus.balanoides_EMciSupByTSS_mergedData_mergedRun_mergedAlgo",1
"484",62,"ph",8.08327358525831,"Semibalanus.balanoides_EMmeanByROC_mergedData_mergedRun_mergedAlgo",0.682
"485",62,"ph",8.08327358525831,"Semibalanus.balanoides_EMciSupByTSS_mergedData_mergedRun_mergedAlgo",1
"486",62,"ph",8.08327358525831,"Semibalanus.balanoides_EMmeanByTSS_mergedData_mergedRun_mergedAlgo",0.671
"487",63,"ph",8.08402541197118,"Semibalanus.balanoides_EMciSupByTSS_mergedData_mergedRun_mergedAlgo",1
"488",63,"ph",8.08402541197118,"Semibalanus.balanoides_EMmeanByROC_mergedData_mergedRun_mergedAlgo",0.689
"489",63,"ph",8.08402541197118,"Semibalanus.balanoides_EMmeanByTSS_mergedData_mergedRun_mergedAlgo",0.678
"490",64,"ph",8.08477723868404,"Semibalanus.balanoides_EMmeanByROC_mergedData_mergedRun_mergedAlgo",0.6995
"491",64,"ph",8.08477723868404,"Semibalanus.balanoides_EMciSupByTSS_mergedData_mergedRun_mergedAlgo",1
"492",64,"ph",8.08477723868404,"Semibalanus.balanoides_EMmeanByTSS_mergedData_mergedRun_mergedAlgo",0.687
"493",65,"ph",8.08552906539691,"Semibalanus.balanoides_EMmeanByROC_mergedData_mergedRun_mergedAlgo",0.69
"494",65,"ph",8.08552906539691,"Semibalanus.balanoides_EMmeanByTSS_mergedData_mergedRun_mergedAlgo",0.675
"495",65,"ph",8.08552906539691,"Semibalanus.balanoides_EMciSupByTSS_mergedData_mergedRun_mergedAlgo",1
"496",66,"ph",8.08628089210978,"Semibalanus.balanoides_EMmeanByROC_mergedData_mergedRun_mergedAlgo",0.6885
"497",66,"ph",8.08628089210978,"Semibalanus.balanoides_EMciSupByTSS_mergedData_mergedRun_mergedAlgo",1
"498",66,"ph",8.08628089210978,"Semibalanus.balanoides_EMmeanByTSS_mergedData_mergedRun_mergedAlgo",0.672
"499",67,"ph",8.08703271882264,"Semibalanus.balanoides_EMciSupByTSS_mergedData_mergedRun_mergedAlgo",1
"500",67,"ph",8.08703271882264,"Semibalanus.balanoides_EMmeanByTSS_mergedData_mergedRun_mergedAlgo",0.67
"501",67,"ph",8.08703271882264,"Semibalanus.balanoides_EMmeanByROC_mergedData_mergedRun_mergedAlgo",0.6865
"502",68,"ph",8.08778454553551,"Semibalanus.balanoides_EMmeanByROC_mergedData_mergedRun_mergedAlgo",0.6865
"503",68,"ph",8.08778454553551,"Semibalanus.balanoides_EMciSupByTSS_mergedData_mergedRun_mergedAlgo",1
"504",68,"ph",8.08778454553551,"Semibalanus.balanoides_EMmeanByTSS_mergedData_mergedRun_mergedAlgo",0.67
"505",69,"ph",8.08853637224838,"Semibalanus.balanoides_EMmeanByROC_mergedData_mergedRun_mergedAlgo",0.686
"506",69,"ph",8.08853637224838,"Semibalanus.balanoides_EMciSupByTSS_mergedData_mergedRun_mergedAlgo",1
"507",69,"ph",8.08853637224838,"Semibalanus.balanoides_EMmeanByTSS_mergedData_mergedRun_mergedAlgo",0.669
"508",70,"ph",8.08928819896125,"Semibalanus.balanoides_EMmeanByROC_mergedData_mergedRun_mergedAlgo",0.687
"509",70,"ph",8.08928819896125,"Semibalanus.balanoides_EMciSupByTSS_mergedData_mergedRun_mergedAlgo",1
"510",70,"ph",8.08928819896125,"Semibalanus.balanoides_EMmeanByTSS_mergedData_mergedRun_mergedAlgo",0.669
"511",71,"ph",8.09004002567411,"Semibalanus.balanoides_EMmeanByROC_mergedData_mergedRun_mergedAlgo",0.692
"512",71,"ph",8.09004002567411,"Semibalanus.balanoides_EMciSupByTSS_mergedData_mergedRun_mergedAlgo",1
"513",71,"ph",8.09004002567411,"Semibalanus.balanoides_EMmeanByTSS_mergedData_mergedRun_mergedAlgo",0.672
"514",72,"ph",8.09079185238698,"Semibalanus.balanoides_EMmeanByROC_mergedData_mergedRun_mergedAlgo",0.697
"515",72,"ph",8.09079185238698,"Semibalanus.balanoides_EMciSupByTSS_mergedData_mergedRun_mergedAlgo",1
"516",72,"ph",8.09079185238698,"Semibalanus.balanoides_EMmeanByTSS_mergedData_mergedRun_mergedAlgo",0.674
"517",73,"ph",8.09154367909985,"Semibalanus.balanoides_EMmeanByROC_mergedData_mergedRun_mergedAlgo",0.697
"518",73,"ph",8.09154367909985,"Semibalanus.balanoides_EMciSupByTSS_mergedData_mergedRun_mergedAlgo",1
"519",73,"ph",8.09154367909985,"Semibalanus.balanoides_EMmeanByTSS_mergedData_mergedRun_mergedAlgo",0.674
"520",74,"ph",8.09229550581271,"Semibalanus.balanoides_EMmeanByTSS_mergedData_mergedRun_mergedAlgo",0.679
"521",74,"ph",8.09229550581271,"Semibalanus.balanoides_EMmeanByROC_mergedData_mergedRun_mergedAlgo",0.698
"522",74,"ph",8.09229550581271,"Semibalanus.balanoides_EMciSupByTSS_mergedData_mergedRun_mergedAlgo",1
"523",75,"ph",8.09304733252558,"Semibalanus.balanoides_EMmeanByROC_mergedData_mergedRun_mergedAlgo",0.7005
"524",75,"ph",8.09304733252558,"Semibalanus.balanoides_EMciSupByTSS_mergedData_mergedRun_mergedAlgo",1
"525",75,"ph",8.09304733252558,"Semibalanus.balanoides_EMmeanByTSS_mergedData_mergedRun_mergedAlgo",0.685
"526",76,"ph",8.09379915923845,"Semibalanus.balanoides_EMciSupByTSS_mergedData_mergedRun_mergedAlgo",1
"527",76,"ph",8.09379915923845,"Semibalanus.balanoides_EMmeanByROC_mergedData_mergedRun_mergedAlgo",0.6865
"528",76,"ph",8.09379915923845,"Semibalanus.balanoides_EMmeanByTSS_mergedData_mergedRun_mergedAlgo",0.686
"529",77,"ph",8.09455098595132,"Semibalanus.balanoides_EMmeanByROC_mergedData_mergedRun_mergedAlgo",0.686
"530",77,"ph",8.09455098595132,"Semibalanus.balanoides_EMciSupByTSS_mergedData_mergedRun_mergedAlgo",1
"531",77,"ph",8.09455098595132,"Semibalanus.balanoides_EMmeanByTSS_mergedData_mergedRun_mergedAlgo",0.679
"532",78,"ph",8.09530281266418,"Semibalanus.balanoides_EMmeanByROC_mergedData_mergedRun_mergedAlgo",0.6685
"533",78,"ph",8.09530281266418,"Semibalanus.balanoides_EMmeanByTSS_mergedData_mergedRun_mergedAlgo",0.662
"534",78,"ph",8.09530281266418,"Semibalanus.balanoides_EMciSupByTSS_mergedData_mergedRun_mergedAlgo",1
"535",79,"ph",8.09605463937705,"Semibalanus.balanoides_EMmeanByROC_mergedData_mergedRun_mergedAlgo",0.662
"536",79,"ph",8.09605463937705,"Semibalanus.balanoides_EMciSupByTSS_mergedData_mergedRun_mergedAlgo",1
"537",79,"ph",8.09605463937705,"Semibalanus.balanoides_EMmeanByTSS_mergedData_mergedRun_mergedAlgo",0.656
"538",80,"ph",8.09680646608992,"Semibalanus.balanoides_EMciSupByTSS_mergedData_mergedRun_mergedAlgo",1
"539",80,"ph",8.09680646608992,"Semibalanus.balanoides_EMmeanByTSS_mergedData_mergedRun_mergedAlgo",0.658
"540",80,"ph",8.09680646608992,"Semibalanus.balanoides_EMmeanByROC_mergedData_mergedRun_mergedAlgo",0.662
"541",81,"ph",8.09755829280278,"Semibalanus.balanoides_EMmeanByTSS_mergedData_mergedRun_mergedAlgo",0.656
"542",81,"ph",8.09755829280278,"Semibalanus.balanoides_EMmeanByROC_mergedData_mergedRun_mergedAlgo",0.6565
"543",81,"ph",8.09755829280278,"Semibalanus.balanoides_EMciSupByTSS_mergedData_mergedRun_mergedAlgo",1
"544",82,"ph",8.09831011951565,"Semibalanus.balanoides_EMmeanByROC_mergedData_mergedRun_mergedAlgo",0.6565
"545",82,"ph",8.09831011951565,"Semibalanus.balanoides_EMciSupByTSS_mergedData_mergedRun_mergedAlgo",1
"546",82,"ph",8.09831011951565,"Semibalanus.balanoides_EMmeanByTSS_mergedData_mergedRun_mergedAlgo",0.658
"547",83,"ph",8.09906194622852,"Semibalanus.balanoides_EMciSupByTSS_mergedData_mergedRun_mergedAlgo",1
"548",83,"ph",8.09906194622852,"Semibalanus.balanoides_EMmeanByROC_mergedData_mergedRun_mergedAlgo",0.6435
"549",83,"ph",8.09906194622852,"Semibalanus.balanoides_EMmeanByTSS_mergedData_mergedRun_mergedAlgo",0.632
"550",84,"ph",8.09981377294139,"Semibalanus.balanoides_EMmeanByROC_mergedData_mergedRun_mergedAlgo",0.6395
"551",84,"ph",8.09981377294139,"Semibalanus.balanoides_EMciSupByTSS_mergedData_mergedRun_mergedAlgo",1
"552",84,"ph",8.09981377294139,"Semibalanus.balanoides_EMmeanByTSS_mergedData_mergedRun_mergedAlgo",0.624
"553",85,"ph",8.10056559965425,"Semibalanus.balanoides_EMmeanByROC_mergedData_mergedRun_mergedAlgo",0.6395
"554",85,"ph",8.10056559965425,"Semibalanus.balanoides_EMmeanByTSS_mergedData_mergedRun_mergedAlgo",0.624
"555",85,"ph",8.10056559965425,"Semibalanus.balanoides_EMciSupByTSS_mergedData_mergedRun_mergedAlgo",1
"556",86,"ph",8.10131742636712,"Semibalanus.balanoides_EMmeanByROC_mergedData_mergedRun_mergedAlgo",0.6395
"557",86,"ph",8.10131742636712,"Semibalanus.balanoides_EMciSupByTSS_mergedData_mergedRun_mergedAlgo",1
"558",86,"ph",8.10131742636712,"Semibalanus.balanoides_EMmeanByTSS_mergedData_mergedRun_mergedAlgo",0.624
"559",87,"ph",8.10206925307999,"Semibalanus.balanoides_EMciSupByTSS_mergedData_mergedRun_mergedAlgo",1
"560",87,"ph",8.10206925307999,"Semibalanus.balanoides_EMmeanByTSS_mergedData_mergedRun_mergedAlgo",0.624
"561",87,"ph",8.10206925307999,"Semibalanus.balanoides_EMmeanByROC_mergedData_mergedRun_mergedAlgo",0.6395
"562",88,"ph",8.10282107979285,"Semibalanus.balanoides_EMmeanByROC_mergedData_mergedRun_mergedAlgo",0.6395
"563",88,"ph",8.10282107979285,"Semibalanus.balanoides_EMciSupByTSS_mergedData_mergedRun_mergedAlgo",1
"564",88,"ph",8.10282107979285,"Semibalanus.balanoides_EMmeanByTSS_mergedData_mergedRun_mergedAlgo",0.624
"565",89,"ph",8.10357290650572,"Semibalanus.balanoides_EMmeanByROC_mergedData_mergedRun_mergedAlgo",0.6395
"566",89,"ph",8.10357290650572,"Semibalanus.balanoides_EMciSupByTSS_mergedData_mergedRun_mergedAlgo",1
"567",89,"ph",8.10357290650572,"Semibalanus.balanoides_EMmeanByTSS_mergedData_mergedRun_mergedAlgo",0.624
"568",90,"ph",8.10432473321859,"Semibalanus.balanoides_EMmeanByROC_mergedData_mergedRun_mergedAlgo",0.6395
"569",90,"ph",8.10432473321859,"Semibalanus.balanoides_EMciSupByTSS_mergedData_mergedRun_mergedAlgo",1
"570",90,"ph",8.10432473321859,"Semibalanus.balanoides_EMmeanByTSS_mergedData_mergedRun_mergedAlgo",0.624
"571",91,"ph",8.10507655993146,"Semibalanus.balanoides_EMmeanByROC_mergedData_mergedRun_mergedAlgo",0.6395
"572",91,"ph",8.10507655993146,"Semibalanus.balanoides_EMciSupByTSS_mergedData_mergedRun_mergedAlgo",1
"573",91,"ph",8.10507655993146,"Semibalanus.balanoides_EMmeanByTSS_mergedData_mergedRun_mergedAlgo",0.624
"574",92,"ph",8.10582838664432,"Semibalanus.balanoides_EMmeanByROC_mergedData_mergedRun_mergedAlgo",0.6395
"575",92,"ph",8.10582838664432,"Semibalanus.balanoides_EMciSupByTSS_mergedData_mergedRun_mergedAlgo",1
"576",92,"ph",8.10582838664432,"Semibalanus.balanoides_EMmeanByTSS_mergedData_mergedRun_mergedAlgo",0.624
"577",93,"ph",8.10658021335719,"Semibalanus.balanoides_EMmeanByROC_mergedData_mergedRun_mergedAlgo",0.6395
"578",93,"ph",8.10658021335719,"Semibalanus.balanoides_EMciSupByTSS_mergedData_mergedRun_mergedAlgo",1
"579",93,"ph",8.10658021335719,"Semibalanus.balanoides_EMmeanByTSS_mergedData_mergedRun_mergedAlgo",0.624
"580",94,"ph",8.10733204007006,"Semibalanus.balanoides_EMmeanByTSS_mergedData_mergedRun_mergedAlgo",0.624
"581",94,"ph",8.10733204007006,"Semibalanus.balanoides_EMmeanByROC_mergedData_mergedRun_mergedAlgo",0.6395
"582",94,"ph",8.10733204007006,"Semibalanus.balanoides_EMciSupByTSS_mergedData_mergedRun_mergedAlgo",1
"583",95,"ph",8.10808386678293,"Semibalanus.balanoides_EMmeanByROC_mergedData_mergedRun_mergedAlgo",0.6395
"584",95,"ph",8.10808386678293,"Semibalanus.balanoides_EMciSupByTSS_mergedData_mergedRun_mergedAlgo",1
"585",95,"ph",8.10808386678293,"Semibalanus.balanoides_EMmeanByTSS_mergedData_mergedRun_mergedAlgo",0.624
"586",96,"ph",8.10883569349579,"Semibalanus.balanoides_EMciSupByTSS_mergedData_mergedRun_mergedAlgo",1
"587",96,"ph",8.10883569349579,"Semibalanus.balanoides_EMmeanByROC_mergedData_mergedRun_mergedAlgo",0.6395
"588",96,"ph",8.10883569349579,"Semibalanus.balanoides_EMmeanByTSS_mergedData_mergedRun_mergedAlgo",0.624
"589",97,"ph",8.10958752020866,"Semibalanus.balanoides_EMmeanByROC_mergedData_mergedRun_mergedAlgo",0.6395
"590",97,"ph",8.10958752020866,"Semibalanus.balanoides_EMciSupByTSS_mergedData_mergedRun_mergedAlgo",1
"591",97,"ph",8.10958752020866,"Semibalanus.balanoides_EMmeanByTSS_mergedData_mergedRun_mergedAlgo",0.624
"592",98,"ph",8.11033934692153,"Semibalanus.balanoides_EMmeanByROC_mergedData_mergedRun_mergedAlgo",0.6395
"593",98,"ph",8.11033934692153,"Semibalanus.balanoides_EMmeanByTSS_mergedData_mergedRun_mergedAlgo",0.624
"594",98,"ph",8.11033934692153,"Semibalanus.balanoides_EMciSupByTSS_mergedData_mergedRun_mergedAlgo",1
"595",99,"ph",8.11109117363439,"Semibalanus.balanoides_EMmeanByROC_mergedData_mergedRun_mergedAlgo",0.6395
"596",99,"ph",8.11109117363439,"Semibalanus.balanoides_EMciSupByTSS_mergedData_mergedRun_mergedAlgo",1
"597",99,"ph",8.11109117363439,"Semibalanus.balanoides_EMmeanByTSS_mergedData_mergedRun_mergedAlgo",0.624
"598",100,"ph",8.11184300034726,"Semibalanus.balanoides_EMciSupByTSS_mergedData_mergedRun_mergedAlgo",1
"599",100,"ph",8.11184300034726,"Semibalanus.balanoides_EMmeanByTSS_mergedData_mergedRun_mergedAlgo",0.624
"600",100,"ph",8.11184300034726,"Semibalanus.balanoides_EMmeanByROC_mergedData_mergedRun_mergedAlgo",0.6395
"601",1,"wave_fetch",2.14842057228088,"Semibalanus.balanoides_EMmeanByTSS_mergedData_mergedRun_mergedAlgo",0.671
"602",1,"wave_fetch",2.14842057228088,"Semibalanus.balanoides_EMmeanByROC_mergedData_mergedRun_mergedAlgo",0.7025
"603",1,"wave_fetch",2.14842057228088,"Semibalanus.balanoides_EMciSupByTSS_mergedData_mergedRun_mergedAlgo",1
"604",2,"wave_fetch",2.17136853632301,"Semibalanus.balanoides_EMmeanByROC_mergedData_mergedRun_mergedAlgo",0.7025
"605",2,"wave_fetch",2.17136853632301,"Semibalanus.balanoides_EMciSupByTSS_mergedData_mergedRun_mergedAlgo",1
"606",2,"wave_fetch",2.17136853632301,"Semibalanus.balanoides_EMmeanByTSS_mergedData_mergedRun_mergedAlgo",0.671
"607",3,"wave_fetch",2.19431650036513,"Semibalanus.balanoides_EMciSupByTSS_mergedData_mergedRun_mergedAlgo",1
"608",3,"wave_fetch",2.19431650036513,"Semibalanus.balanoides_EMmeanByROC_mergedData_mergedRun_mergedAlgo",0.7025
"609",3,"wave_fetch",2.19431650036513,"Semibalanus.balanoides_EMmeanByTSS_mergedData_mergedRun_mergedAlgo",0.671
"610",4,"wave_fetch",2.21726446440726,"Semibalanus.balanoides_EMmeanByROC_mergedData_mergedRun_mergedAlgo",0.7025
"611",4,"wave_fetch",2.21726446440726,"Semibalanus.balanoides_EMciSupByTSS_mergedData_mergedRun_mergedAlgo",1
"612",4,"wave_fetch",2.21726446440726,"Semibalanus.balanoides_EMmeanByTSS_mergedData_mergedRun_mergedAlgo",0.671
"613",5,"wave_fetch",2.24021242844938,"Semibalanus.balanoides_EMmeanByROC_mergedData_mergedRun_mergedAlgo",0.7025
"614",5,"wave_fetch",2.24021242844938,"Semibalanus.balanoides_EMmeanByTSS_mergedData_mergedRun_mergedAlgo",0.671
"615",5,"wave_fetch",2.24021242844938,"Semibalanus.balanoides_EMciSupByTSS_mergedData_mergedRun_mergedAlgo",1
"616",6,"wave_fetch",2.2631603924915,"Semibalanus.balanoides_EMmeanByROC_mergedData_mergedRun_mergedAlgo",0.7025
"617",6,"wave_fetch",2.2631603924915,"Semibalanus.balanoides_EMciSupByTSS_mergedData_mergedRun_mergedAlgo",1
"618",6,"wave_fetch",2.2631603924915,"Semibalanus.balanoides_EMmeanByTSS_mergedData_mergedRun_mergedAlgo",0.671
"619",7,"wave_fetch",2.28610835653363,"Semibalanus.balanoides_EMciSupByTSS_mergedData_mergedRun_mergedAlgo",1
"620",7,"wave_fetch",2.28610835653363,"Semibalanus.balanoides_EMmeanByTSS_mergedData_mergedRun_mergedAlgo",0.671
"621",7,"wave_fetch",2.28610835653363,"Semibalanus.balanoides_EMmeanByROC_mergedData_mergedRun_mergedAlgo",0.7025
"622",8,"wave_fetch",2.30905632057575,"Semibalanus.balanoides_EMmeanByROC_mergedData_mergedRun_mergedAlgo",0.7025
"623",8,"wave_fetch",2.30905632057575,"Semibalanus.balanoides_EMciSupByTSS_mergedData_mergedRun_mergedAlgo",1
"624",8,"wave_fetch",2.30905632057575,"Semibalanus.balanoides_EMmeanByTSS_mergedData_mergedRun_mergedAlgo",0.671
"625",9,"wave_fetch",2.33200428461788,"Semibalanus.balanoides_EMmeanByROC_mergedData_mergedRun_mergedAlgo",0.6755
"626",9,"wave_fetch",2.33200428461788,"Semibalanus.balanoides_EMciSupByTSS_mergedData_mergedRun_mergedAlgo",1
"627",9,"wave_fetch",2.33200428461788,"Semibalanus.balanoides_EMmeanByTSS_mergedData_mergedRun_mergedAlgo",0.629
"628",10,"wave_fetch",2.35495224866,"Semibalanus.balanoides_EMmeanByROC_mergedData_mergedRun_mergedAlgo",0.6755
"629",10,"wave_fetch",2.35495224866,"Semibalanus.balanoides_EMciSupByTSS_mergedData_mergedRun_mergedAlgo",1
"630",10,"wave_fetch",2.35495224866,"Semibalanus.balanoides_EMmeanByTSS_mergedData_mergedRun_mergedAlgo",0.629
"631",11,"wave_fetch",2.37790021270213,"Semibalanus.balanoides_EMmeanByROC_mergedData_mergedRun_mergedAlgo",0.671
"632",11,"wave_fetch",2.37790021270213,"Semibalanus.balanoides_EMciSupByTSS_mergedData_mergedRun_mergedAlgo",1
"633",11,"wave_fetch",2.37790021270213,"Semibalanus.balanoides_EMmeanByTSS_mergedData_mergedRun_mergedAlgo",0.621
"634",12,"wave_fetch",2.40084817674425,"Semibalanus.balanoides_EMmeanByROC_mergedData_mergedRun_mergedAlgo",0.670994
"635",12,"wave_fetch",2.40084817674425,"Semibalanus.balanoides_EMciSupByTSS_mergedData_mergedRun_mergedAlgo",1
"636",12,"wave_fetch",2.40084817674425,"Semibalanus.balanoides_EMmeanByTSS_mergedData_mergedRun_mergedAlgo",0.621
"637",13,"wave_fetch",2.42379614078637,"Semibalanus.balanoides_EMmeanByROC_mergedData_mergedRun_mergedAlgo",0.6625515
"638",13,"wave_fetch",2.42379614078637,"Semibalanus.balanoides_EMciSupByTSS_mergedData_mergedRun_mergedAlgo",1
"639",13,"wave_fetch",2.42379614078637,"Semibalanus.balanoides_EMmeanByTSS_mergedData_mergedRun_mergedAlgo",0.616
"640",14,"wave_fetch",2.4467441048285,"Semibalanus.balanoides_EMmeanByTSS_mergedData_mergedRun_mergedAlgo",0.616
"641",14,"wave_fetch",2.4467441048285,"Semibalanus.balanoides_EMmeanByROC_mergedData_mergedRun_mergedAlgo",0.604747
"642",14,"wave_fetch",2.4467441048285,"Semibalanus.balanoides_EMciSupByTSS_mergedData_mergedRun_mergedAlgo",1
"643",15,"wave_fetch",2.46969206887062,"Semibalanus.balanoides_EMmeanByROC_mergedData_mergedRun_mergedAlgo",0.49590125
"644",15,"wave_fetch",2.46969206887062,"Semibalanus.balanoides_EMciSupByTSS_mergedData_mergedRun_mergedAlgo",1
"645",15,"wave_fetch",2.46969206887062,"Semibalanus.balanoides_EMmeanByTSS_mergedData_mergedRun_mergedAlgo",0.616
"646",16,"wave_fetch",2.49264003291275,"Semibalanus.balanoides_EMciSupByTSS_mergedData_mergedRun_mergedAlgo",1
"647",16,"wave_fetch",2.49264003291275,"Semibalanus.balanoides_EMmeanByROC_mergedData_mergedRun_mergedAlgo",0.439121
"648",16,"wave_fetch",2.49264003291275,"Semibalanus.balanoides_EMmeanByTSS_mergedData_mergedRun_mergedAlgo",0.616
"649",17,"wave_fetch",2.51558799695487,"Semibalanus.balanoides_EMmeanByROC_mergedData_mergedRun_mergedAlgo",0.406926
"650",17,"wave_fetch",2.51558799695487,"Semibalanus.balanoides_EMciSupByTSS_mergedData_mergedRun_mergedAlgo",1
"651",17,"wave_fetch",2.51558799695487,"Semibalanus.balanoides_EMmeanByTSS_mergedData_mergedRun_mergedAlgo",0.616
"652",18,"wave_fetch",2.53853596099699,"Semibalanus.balanoides_EMmeanByROC_mergedData_mergedRun_mergedAlgo",0.39884415
"653",18,"wave_fetch",2.53853596099699,"Semibalanus.balanoides_EMmeanByTSS_mergedData_mergedRun_mergedAlgo",0.616
"654",18,"wave_fetch",2.53853596099699,"Semibalanus.balanoides_EMciSupByTSS_mergedData_mergedRun_mergedAlgo",1
"655",19,"wave_fetch",2.56148392503912,"Semibalanus.balanoides_EMmeanByROC_mergedData_mergedRun_mergedAlgo",0.39484415
"656",19,"wave_fetch",2.56148392503912,"Semibalanus.balanoides_EMciSupByTSS_mergedData_mergedRun_mergedAlgo",1
"657",19,"wave_fetch",2.56148392503912,"Semibalanus.balanoides_EMmeanByTSS_mergedData_mergedRun_mergedAlgo",0.616
"658",20,"wave_fetch",2.58443188908124,"Semibalanus.balanoides_EMciSupByTSS_mergedData_mergedRun_mergedAlgo",1
"659",20,"wave_fetch",2.58443188908124,"Semibalanus.balanoides_EMmeanByTSS_mergedData_mergedRun_mergedAlgo",0.616
"660",20,"wave_fetch",2.58443188908124,"Semibalanus.balanoides_EMmeanByROC_mergedData_mergedRun_mergedAlgo",0.39484415
"661",21,"wave_fetch",2.60737985312337,"Semibalanus.balanoides_EMmeanByTSS_mergedData_mergedRun_mergedAlgo",0.616
"662",21,"wave_fetch",2.60737985312337,"Semibalanus.balanoides_EMmeanByROC_mergedData_mergedRun_mergedAlgo",0.39484415
"663",21,"wave_fetch",2.60737985312337,"Semibalanus.balanoides_EMciSupByTSS_mergedData_mergedRun_mergedAlgo",1
"664",22,"wave_fetch",2.63032781716549,"Semibalanus.balanoides_EMmeanByROC_mergedData_mergedRun_mergedAlgo",0.39484415
"665",22,"wave_fetch",2.63032781716549,"Semibalanus.balanoides_EMciSupByTSS_mergedData_mergedRun_mergedAlgo",1
"666",22,"wave_fetch",2.63032781716549,"Semibalanus.balanoides_EMmeanByTSS_mergedData_mergedRun_mergedAlgo",0.616
"667",23,"wave_fetch",2.65327578120761,"Semibalanus.balanoides_EMciSupByTSS_mergedData_mergedRun_mergedAlgo",1
"668",23,"wave_fetch",2.65327578120761,"Semibalanus.balanoides_EMmeanByROC_mergedData_mergedRun_mergedAlgo",0.39834415
"669",23,"wave_fetch",2.65327578120761,"Semibalanus.balanoides_EMmeanByTSS_mergedData_mergedRun_mergedAlgo",0.616
"670",24,"wave_fetch",2.67622374524974,"Semibalanus.balanoides_EMmeanByROC_mergedData_mergedRun_mergedAlgo",0.40734415
"671",24,"wave_fetch",2.67622374524974,"Semibalanus.balanoides_EMciSupByTSS_mergedData_mergedRun_mergedAlgo",1
"672",24,"wave_fetch",2.67622374524974,"Semibalanus.balanoides_EMmeanByTSS_mergedData_mergedRun_mergedAlgo",0.634
"673",25,"wave_fetch",2.69917170929186,"Semibalanus.balanoides_EMmeanByROC_mergedData_mergedRun_mergedAlgo",0.40734415
"674",25,"wave_fetch",2.69917170929186,"Semibalanus.balanoides_EMmeanByTSS_mergedData_mergedRun_mergedAlgo",0.634
"675",25,"wave_fetch",2.69917170929186,"Semibalanus.balanoides_EMciSupByTSS_mergedData_mergedRun_mergedAlgo",1
"676",26,"wave_fetch",2.72211967333399,"Semibalanus.balanoides_EMmeanByROC_mergedData_mergedRun_mergedAlgo",0.43284415
"677",26,"wave_fetch",2.72211967333399,"Semibalanus.balanoides_EMciSupByTSS_mergedData_mergedRun_mergedAlgo",1
"678",26,"wave_fetch",2.72211967333399,"Semibalanus.balanoides_EMmeanByTSS_mergedData_mergedRun_mergedAlgo",0.651
"679",27,"wave_fetch",2.74506763737611,"Semibalanus.balanoides_EMciSupByTSS_mergedData_mergedRun_mergedAlgo",1
"680",27,"wave_fetch",2.74506763737611,"Semibalanus.balanoides_EMmeanByTSS_mergedData_mergedRun_mergedAlgo",0.624
"681",27,"wave_fetch",2.74506763737611,"Semibalanus.balanoides_EMmeanByROC_mergedData_mergedRun_mergedAlgo",0.41934415
"682",28,"wave_fetch",2.76801560141824,"Semibalanus.balanoides_EMmeanByROC_mergedData_mergedRun_mergedAlgo",0.39584415
"683",28,"wave_fetch",2.76801560141824,"Semibalanus.balanoides_EMciSupByTSS_mergedData_mergedRun_mergedAlgo",1
"684",28,"wave_fetch",2.76801560141824,"Semibalanus.balanoides_EMmeanByTSS_mergedData_mergedRun_mergedAlgo",0.615
"685",29,"wave_fetch",2.79096356546036,"Semibalanus.balanoides_EMmeanByROC_mergedData_mergedRun_mergedAlgo",0.39634415
"686",29,"wave_fetch",2.79096356546036,"Semibalanus.balanoides_EMciSupByTSS_mergedData_mergedRun_mergedAlgo",1
"687",29,"wave_fetch",2.79096356546036,"Semibalanus.balanoides_EMmeanByTSS_mergedData_mergedRun_mergedAlgo",0.616
"688",30,"wave_fetch",2.81391152950248,"Semibalanus.balanoides_EMmeanByROC_mergedData_mergedRun_mergedAlgo",0.40084415
"689",30,"wave_fetch",2.81391152950248,"Semibalanus.balanoides_EMciSupByTSS_mergedData_mergedRun_mergedAlgo",1
"690",30,"wave_fetch",2.81391152950248,"Semibalanus.balanoides_EMmeanByTSS_mergedData_mergedRun_mergedAlgo",0.623
"691",31,"wave_fetch",2.83685949354461,"Semibalanus.balanoides_EMmeanByROC_mergedData_mergedRun_mergedAlgo",0.39734415
"692",31,"wave_fetch",2.83685949354461,"Semibalanus.balanoides_EMciSupByTSS_mergedData_mergedRun_mergedAlgo",1
"693",31,"wave_fetch",2.83685949354461,"Semibalanus.balanoides_EMmeanByTSS_mergedData_mergedRun_mergedAlgo",0.616
"694",32,"wave_fetch",2.85980745758673,"Semibalanus.balanoides_EMmeanByROC_mergedData_mergedRun_mergedAlgo",0.38934415
"695",32,"wave_fetch",2.85980745758673,"Semibalanus.balanoides_EMciSupByTSS_mergedData_mergedRun_mergedAlgo",1
"696",32,"wave_fetch",2.85980745758673,"Semibalanus.balanoides_EMmeanByTSS_mergedData_mergedRun_mergedAlgo",0.615
"697",33,"wave_fetch",2.88275542162886,"Semibalanus.balanoides_EMmeanByROC_mergedData_mergedRun_mergedAlgo",0.38784415
"698",33,"wave_fetch",2.88275542162886,"Semibalanus.balanoides_EMciSupByTSS_mergedData_mergedRun_mergedAlgo",1
"699",33,"wave_fetch",2.88275542162886,"Semibalanus.balanoides_EMmeanByTSS_mergedData_mergedRun_mergedAlgo",0.614
"700",34,"wave_fetch",2.90570338567098,"Semibalanus.balanoides_EMmeanByTSS_mergedData_mergedRun_mergedAlgo",0.613
"701",34,"wave_fetch",2.90570338567098,"Semibalanus.balanoides_EMmeanByROC_mergedData_mergedRun_mergedAlgo",0.38334415
"702",34,"wave_fetch",2.90570338567098,"Semibalanus.balanoides_EMciSupByTSS_mergedData_mergedRun_mergedAlgo",1
"703",35,"wave_fetch",2.9286513497131,"Semibalanus.balanoides_EMmeanByROC_mergedData_mergedRun_mergedAlgo",0.38134415
"704",35,"wave_fetch",2.9286513497131,"Semibalanus.balanoides_EMciSupByTSS_mergedData_mergedRun_mergedAlgo",1
"705",35,"wave_fetch",2.9286513497131,"Semibalanus.balanoides_EMmeanByTSS_mergedData_mergedRun_mergedAlgo",0.613
"706",36,"wave_fetch",2.95159931375523,"Semibalanus.balanoides_EMciSupByTSS_mergedData_mergedRun_mergedAlgo",1
"707",36,"wave_fetch",2.95159931375523,"Semibalanus.balanoides_EMmeanByROC_mergedData_mergedRun_mergedAlgo",0.38134415
"708",36,"wave_fetch",2.95159931375523,"Semibalanus.balanoides_EMmeanByTSS_mergedData_mergedRun_mergedAlgo",0.613
"709",37,"wave_fetch",2.97454727779735,"Semibalanus.balanoides_EMmeanByROC_mergedData_mergedRun_mergedAlgo",0.38134415
"710",37,"wave_fetch",2.97454727779735,"Semibalanus.balanoides_EMciSupByTSS_mergedData_mergedRun_mergedAlgo",1
"711",37,"wave_fetch",2.97454727779735,"Semibalanus.balanoides_EMmeanByTSS_mergedData_mergedRun_mergedAlgo",0.613
"712",38,"wave_fetch",2.99749524183948,"Semibalanus.balanoides_EMmeanByROC_mergedData_mergedRun_mergedAlgo",0.38334415
"713",38,"wave_fetch",2.99749524183948,"Semibalanus.balanoides_EMmeanByTSS_mergedData_mergedRun_mergedAlgo",0.617
"714",38,"wave_fetch",2.99749524183948,"Semibalanus.balanoides_EMciSupByTSS_mergedData_mergedRun_mergedAlgo",1
"715",39,"wave_fetch",3.0204432058816,"Semibalanus.balanoides_EMmeanByROC_mergedData_mergedRun_mergedAlgo",0.38434415
"716",39,"wave_fetch",3.0204432058816,"Semibalanus.balanoides_EMciSupByTSS_mergedData_mergedRun_mergedAlgo",1
"717",39,"wave_fetch",3.0204432058816,"Semibalanus.balanoides_EMmeanByTSS_mergedData_mergedRun_mergedAlgo",0.619
"718",40,"wave_fetch",3.04339116992372,"Semibalanus.balanoides_EMciSupByTSS_mergedData_mergedRun_mergedAlgo",1
"719",40,"wave_fetch",3.04339116992372,"Semibalanus.balanoides_EMmeanByTSS_mergedData_mergedRun_mergedAlgo",0.619
"720",40,"wave_fetch",3.04339116992372,"Semibalanus.balanoides_EMmeanByROC_mergedData_mergedRun_mergedAlgo",0.38484415
"721",41,"wave_fetch",3.06633913396585,"Semibalanus.balanoides_EMmeanByTSS_mergedData_mergedRun_mergedAlgo",0.619
"722",41,"wave_fetch",3.06633913396585,"Semibalanus.balanoides_EMmeanByROC_mergedData_mergedRun_mergedAlgo",0.38334415
"723",41,"wave_fetch",3.06633913396585,"Semibalanus.balanoides_EMciSupByTSS_mergedData_mergedRun_mergedAlgo",1
"724",42,"wave_fetch",3.08928709800797,"Semibalanus.balanoides_EMmeanByROC_mergedData_mergedRun_mergedAlgo",0.38184415
"725",42,"wave_fetch",3.08928709800797,"Semibalanus.balanoides_EMciSupByTSS_mergedData_mergedRun_mergedAlgo",1
"726",42,"wave_fetch",3.08928709800797,"Semibalanus.balanoides_EMmeanByTSS_mergedData_mergedRun_mergedAlgo",0.619
"727",43,"wave_fetch",3.1122350620501,"Semibalanus.balanoides_EMciSupByTSS_mergedData_mergedRun_mergedAlgo",1
"728",43,"wave_fetch",3.1122350620501,"Semibalanus.balanoides_EMmeanByROC_mergedData_mergedRun_mergedAlgo",0.38134415
"729",43,"wave_fetch",3.1122350620501,"Semibalanus.balanoides_EMmeanByTSS_mergedData_mergedRun_mergedAlgo",0.618
"730",44,"wave_fetch",3.13518302609222,"Semibalanus.balanoides_EMmeanByROC_mergedData_mergedRun_mergedAlgo",0.38234415
"731",44,"wave_fetch",3.13518302609222,"Semibalanus.balanoides_EMciSupByTSS_mergedData_mergedRun_mergedAlgo",1
"732",44,"wave_fetch",3.13518302609222,"Semibalanus.balanoides_EMmeanByTSS_mergedData_mergedRun_mergedAlgo",0.62
"733",45,"wave_fetch",3.15813099013435,"Semibalanus.balanoides_EMmeanByROC_mergedData_mergedRun_mergedAlgo",0.38284415
"734",45,"wave_fetch",3.15813099013435,"Semibalanus.balanoides_EMmeanByTSS_mergedData_mergedRun_mergedAlgo",0.62
"735",45,"wave_fetch",3.15813099013435,"Semibalanus.balanoides_EMciSupByTSS_mergedData_mergedRun_mergedAlgo",1
"736",46,"wave_fetch",3.18107895417647,"Semibalanus.balanoides_EMmeanByROC_mergedData_mergedRun_mergedAlgo",0.38284415
"737",46,"wave_fetch",3.18107895417647,"Semibalanus.balanoides_EMciSupByTSS_mergedData_mergedRun_mergedAlgo",1
"738",46,"wave_fetch",3.18107895417647,"Semibalanus.balanoides_EMmeanByTSS_mergedData_mergedRun_mergedAlgo",0.62
"739",47,"wave_fetch",3.20402691821859,"Semibalanus.balanoides_EMciSupByTSS_mergedData_mergedRun_mergedAlgo",1
"740",47,"wave_fetch",3.20402691821859,"Semibalanus.balanoides_EMmeanByTSS_mergedData_mergedRun_mergedAlgo",0.62
"741",47,"wave_fetch",3.20402691821859,"Semibalanus.balanoides_EMmeanByROC_mergedData_mergedRun_mergedAlgo",0.38284415
"742",48,"wave_fetch",3.22697488226072,"Semibalanus.balanoides_EMmeanByROC_mergedData_mergedRun_mergedAlgo",0.38284415
"743",48,"wave_fetch",3.22697488226072,"Semibalanus.balanoides_EMciSupByTSS_mergedData_mergedRun_mergedAlgo",1
"744",48,"wave_fetch",3.22697488226072,"Semibalanus.balanoides_EMmeanByTSS_mergedData_mergedRun_mergedAlgo",0.62
"745",49,"wave_fetch",3.24992284630284,"Semibalanus.balanoides_EMmeanByROC_mergedData_mergedRun_mergedAlgo",0.38334415
"746",49,"wave_fetch",3.24992284630284,"Semibalanus.balanoides_EMciSupByTSS_mergedData_mergedRun_mergedAlgo",1
"747",49,"wave_fetch",3.24992284630284,"Semibalanus.balanoides_EMmeanByTSS_mergedData_mergedRun_mergedAlgo",0.621
"748",50,"wave_fetch",3.27287081034497,"Semibalanus.balanoides_EMmeanByROC_mergedData_mergedRun_mergedAlgo",0.38334415
"749",50,"wave_fetch",3.27287081034497,"Semibalanus.balanoides_EMciSupByTSS_mergedData_mergedRun_mergedAlgo",1
"750",50,"wave_fetch",3.27287081034497,"Semibalanus.balanoides_EMmeanByTSS_mergedData_mergedRun_mergedAlgo",0.621
"751",51,"wave_fetch",3.29581877438709,"Semibalanus.balanoides_EMmeanByROC_mergedData_mergedRun_mergedAlgo",0.38134415
"752",51,"wave_fetch",3.29581877438709,"Semibalanus.balanoides_EMciSupByTSS_mergedData_mergedRun_mergedAlgo",1
"753",51,"wave_fetch",3.29581877438709,"Semibalanus.balanoides_EMmeanByTSS_mergedData_mergedRun_mergedAlgo",0.617
"754",52,"wave_fetch",3.31876673842921,"Semibalanus.balanoides_EMmeanByROC_mergedData_mergedRun_mergedAlgo",0.38084415
"755",52,"wave_fetch",3.31876673842921,"Semibalanus.balanoides_EMciSupByTSS_mergedData_mergedRun_mergedAlgo",1
"756",52,"wave_fetch",3.31876673842921,"Semibalanus.balanoides_EMmeanByTSS_mergedData_mergedRun_mergedAlgo",0.617
"757",53,"wave_fetch",3.34171470247134,"Semibalanus.balanoides_EMmeanByROC_mergedData_mergedRun_mergedAlgo",0.37984415
"758",53,"wave_fetch",3.34171470247134,"Semibalanus.balanoides_EMciSupByTSS_mergedData_mergedRun_mergedAlgo",1
"759",53,"wave_fetch",3.34171470247134,"Semibalanus.balanoides_EMmeanByTSS_mergedData_mergedRun_mergedAlgo",0.616
"760",54,"wave_fetch",3.36466266651346,"Semibalanus.balanoides_EMmeanByTSS_mergedData_mergedRun_mergedAlgo",0.616
"761",54,"wave_fetch",3.36466266651346,"Semibalanus.balanoides_EMmeanByROC_mergedData_mergedRun_mergedAlgo",0.37984415
"762",54,"wave_fetch",3.36466266651346,"Semibalanus.balanoides_EMciSupByTSS_mergedData_mergedRun_mergedAlgo",1
"763",55,"wave_fetch",3.38761063055559,"Semibalanus.balanoides_EMmeanByROC_mergedData_mergedRun_mergedAlgo",0.37984415
"764",55,"wave_fetch",3.38761063055559,"Semibalanus.balanoides_EMciSupByTSS_mergedData_mergedRun_mergedAlgo",1
"765",55,"wave_fetch",3.38761063055559,"Semibalanus.balanoides_EMmeanByTSS_mergedData_mergedRun_mergedAlgo",0.616
"766",56,"wave_fetch",3.41055859459771,"Semibalanus.balanoides_EMciSupByTSS_mergedData_mergedRun_mergedAlgo",1
"767",56,"wave_fetch",3.41055859459771,"Semibalanus.balanoides_EMmeanByROC_mergedData_mergedRun_mergedAlgo",0.37984415
"768",56,"wave_fetch",3.41055859459771,"Semibalanus.balanoides_EMmeanByTSS_mergedData_mergedRun_mergedAlgo",0.616
"769",57,"wave_fetch",3.43350655863983,"Semibalanus.balanoides_EMmeanByROC_mergedData_mergedRun_mergedAlgo",0.37984415
"770",57,"wave_fetch",3.43350655863983,"Semibalanus.balanoides_EMciSupByTSS_mergedData_mergedRun_mergedAlgo",1
"771",57,"wave_fetch",3.43350655863983,"Semibalanus.balanoides_EMmeanByTSS_mergedData_mergedRun_mergedAlgo",0.616
"772",58,"wave_fetch",3.45645452268196,"Semibalanus.balanoides_EMmeanByROC_mergedData_mergedRun_mergedAlgo",0.38134415
"773",58,"wave_fetch",3.45645452268196,"Semibalanus.balanoides_EMmeanByTSS_mergedData_mergedRun_mergedAlgo",0.617
"774",58,"wave_fetch",3.45645452268196,"Semibalanus.balanoides_EMciSupByTSS_mergedData_mergedRun_mergedAlgo",1
"775",59,"wave_fetch",3.47940248672408,"Semibalanus.balanoides_EMmeanByROC_mergedData_mergedRun_mergedAlgo",0.38134415
"776",59,"wave_fetch",3.47940248672408,"Semibalanus.balanoides_EMciSupByTSS_mergedData_mergedRun_mergedAlgo",1
"777",59,"wave_fetch",3.47940248672408,"Semibalanus.balanoides_EMmeanByTSS_mergedData_mergedRun_mergedAlgo",0.617
"778",60,"wave_fetch",3.50235045076621,"Semibalanus.balanoides_EMciSupByTSS_mergedData_mergedRun_mergedAlgo",1
"779",60,"wave_fetch",3.50235045076621,"Semibalanus.balanoides_EMmeanByTSS_mergedData_mergedRun_mergedAlgo",0.619
"780",60,"wave_fetch",3.50235045076621,"Semibalanus.balanoides_EMmeanByROC_mergedData_mergedRun_mergedAlgo",0.38284415
"781",61,"wave_fetch",3.52529841480833,"Semibalanus.balanoides_EMmeanByTSS_mergedData_mergedRun_mergedAlgo",0.627
"782",61,"wave_fetch",3.52529841480833,"Semibalanus.balanoides_EMmeanByROC_mergedData_mergedRun_mergedAlgo",0.38684415
"783",61,"wave_fetch",3.52529841480833,"Semibalanus.balanoides_EMciSupByTSS_mergedData_mergedRun_mergedAlgo",1
"784",62,"wave_fetch",3.54824637885046,"Semibalanus.balanoides_EMmeanByROC_mergedData_mergedRun_mergedAlgo",0.38684415
"785",62,"wave_fetch",3.54824637885046,"Semibalanus.balanoides_EMciSupByTSS_mergedData_mergedRun_mergedAlgo",1
"786",62,"wave_fetch",3.54824637885046,"Semibalanus.balanoides_EMmeanByTSS_mergedData_mergedRun_mergedAlgo",0.627
"787",63,"wave_fetch",3.57119434289258,"Semibalanus.balanoides_EMciSupByTSS_mergedData_mergedRun_mergedAlgo",1
"788",63,"wave_fetch",3.57119434289258,"Semibalanus.balanoides_EMmeanByROC_mergedData_mergedRun_mergedAlgo",0.38084415
"789",63,"wave_fetch",3.57119434289258,"Semibalanus.balanoides_EMmeanByTSS_mergedData_mergedRun_mergedAlgo",0.624
"790",64,"wave_fetch",3.5941423069347,"Semibalanus.balanoides_EMmeanByROC_mergedData_mergedRun_mergedAlgo",0.38034415
"791",64,"wave_fetch",3.5941423069347,"Semibalanus.balanoides_EMciSupByTSS_mergedData_mergedRun_mergedAlgo",1
"792",64,"wave_fetch",3.5941423069347,"Semibalanus.balanoides_EMmeanByTSS_mergedData_mergedRun_mergedAlgo",0.623
"793",65,"wave_fetch",3.61709027097683,"Semibalanus.balanoides_EMmeanByROC_mergedData_mergedRun_mergedAlgo",0.38034415
"794",65,"wave_fetch",3.61709027097683,"Semibalanus.balanoides_EMmeanByTSS_mergedData_mergedRun_mergedAlgo",0.622
"795",65,"wave_fetch",3.61709027097683,"Semibalanus.balanoides_EMciSupByTSS_mergedData_mergedRun_mergedAlgo",1
"796",66,"wave_fetch",3.64003823501895,"Semibalanus.balanoides_EMmeanByROC_mergedData_mergedRun_mergedAlgo",0.37984415
"797",66,"wave_fetch",3.64003823501895,"Semibalanus.balanoides_EMciSupByTSS_mergedData_mergedRun_mergedAlgo",1
"798",66,"wave_fetch",3.64003823501895,"Semibalanus.balanoides_EMmeanByTSS_mergedData_mergedRun_mergedAlgo",0.62
"799",67,"wave_fetch",3.66298619906108,"Semibalanus.balanoides_EMciSupByTSS_mergedData_mergedRun_mergedAlgo",1
"800",67,"wave_fetch",3.66298619906108,"Semibalanus.balanoides_EMmeanByTSS_mergedData_mergedRun_mergedAlgo",0.614
"801",67,"wave_fetch",3.66298619906108,"Semibalanus.balanoides_EMmeanByROC_mergedData_mergedRun_mergedAlgo",0.37684415
"802",68,"wave_fetch",3.6859341631032,"Semibalanus.balanoides_EMmeanByROC_mergedData_mergedRun_mergedAlgo",0.37684415
"803",68,"wave_fetch",3.6859341631032,"Semibalanus.balanoides_EMciSupByTSS_mergedData_mergedRun_mergedAlgo",1
"804",68,"wave_fetch",3.6859341631032,"Semibalanus.balanoides_EMmeanByTSS_mergedData_mergedRun_mergedAlgo",0.614
"805",69,"wave_fetch",3.70888212714532,"Semibalanus.balanoides_EMmeanByROC_mergedData_mergedRun_mergedAlgo",0.37884415
"806",69,"wave_fetch",3.70888212714532,"Semibalanus.balanoides_EMciSupByTSS_mergedData_mergedRun_mergedAlgo",1
"807",69,"wave_fetch",3.70888212714532,"Semibalanus.balanoides_EMmeanByTSS_mergedData_mergedRun_mergedAlgo",0.617
"808",70,"wave_fetch",3.73183009118745,"Semibalanus.balanoides_EMmeanByROC_mergedData_mergedRun_mergedAlgo",0.37934415
"809",70,"wave_fetch",3.73183009118745,"Semibalanus.balanoides_EMciSupByTSS_mergedData_mergedRun_mergedAlgo",1
"810",70,"wave_fetch",3.73183009118745,"Semibalanus.balanoides_EMmeanByTSS_mergedData_mergedRun_mergedAlgo",0.617
"811",71,"wave_fetch",3.75477805522957,"Semibalanus.balanoides_EMmeanByROC_mergedData_mergedRun_mergedAlgo",0.38334415
"812",71,"wave_fetch",3.75477805522957,"Semibalanus.balanoides_EMciSupByTSS_mergedData_mergedRun_mergedAlgo",1
"813",71,"wave_fetch",3.75477805522957,"Semibalanus.balanoides_EMmeanByTSS_mergedData_mergedRun_mergedAlgo",0.626
"814",72,"wave_fetch",3.7777260192717,"Semibalanus.balanoides_EMmeanByROC_mergedData_mergedRun_mergedAlgo",0.38384415
"815",72,"wave_fetch",3.7777260192717,"Semibalanus.balanoides_EMciSupByTSS_mergedData_mergedRun_mergedAlgo",1
"816",72,"wave_fetch",3.7777260192717,"Semibalanus.balanoides_EMmeanByTSS_mergedData_mergedRun_mergedAlgo",0.626
"817",73,"wave_fetch",3.80067398331382,"Semibalanus.balanoides_EMmeanByROC_mergedData_mergedRun_mergedAlgo",0.38534415
"818",73,"wave_fetch",3.80067398331382,"Semibalanus.balanoides_EMciSupByTSS_mergedData_mergedRun_mergedAlgo",1
"819",73,"wave_fetch",3.80067398331382,"Semibalanus.balanoides_EMmeanByTSS_mergedData_mergedRun_mergedAlgo",0.628
"820",74,"wave_fetch",3.82362194735594,"Semibalanus.balanoides_EMmeanByTSS_mergedData_mergedRun_mergedAlgo",0.636
"821",74,"wave_fetch",3.82362194735594,"Semibalanus.balanoides_EMmeanByROC_mergedData_mergedRun_mergedAlgo",0.39134415
"822",74,"wave_fetch",3.82362194735594,"Semibalanus.balanoides_EMciSupByTSS_mergedData_mergedRun_mergedAlgo",1
"823",75,"wave_fetch",3.84656991139807,"Semibalanus.balanoides_EMmeanByROC_mergedData_mergedRun_mergedAlgo",0.386240625
"824",75,"wave_fetch",3.84656991139807,"Semibalanus.balanoides_EMciSupByTSS_mergedData_mergedRun_mergedAlgo",1
"825",75,"wave_fetch",3.84656991139807,"Semibalanus.balanoides_EMmeanByTSS_mergedData_mergedRun_mergedAlgo",0.635
"826",76,"wave_fetch",3.86951787544019,"Semibalanus.balanoides_EMciSupByTSS_mergedData_mergedRun_mergedAlgo",1
"827",76,"wave_fetch",3.86951787544019,"Semibalanus.balanoides_EMmeanByROC_mergedData_mergedRun_mergedAlgo",0.3845748
"828",76,"wave_fetch",3.86951787544019,"Semibalanus.balanoides_EMmeanByTSS_mergedData_mergedRun_mergedAlgo",0.631
"829",77,"wave_fetch",3.89246583948232,"Semibalanus.balanoides_EMmeanByROC_mergedData_mergedRun_mergedAlgo",0.3680421
"830",77,"wave_fetch",3.89246583948232,"Semibalanus.balanoides_EMciSupByTSS_mergedData_mergedRun_mergedAlgo",1
"831",77,"wave_fetch",3.89246583948232,"Semibalanus.balanoides_EMmeanByTSS_mergedData_mergedRun_mergedAlgo",0.627
"832",78,"wave_fetch",3.91541380352444,"Semibalanus.balanoides_EMmeanByROC_mergedData_mergedRun_mergedAlgo",0.36998315
"833",78,"wave_fetch",3.91541380352444,"Semibalanus.balanoides_EMmeanByTSS_mergedData_mergedRun_mergedAlgo",0.634
"834",78,"wave_fetch",3.91541380352444,"Semibalanus.balanoides_EMciSupByTSS_mergedData_mergedRun_mergedAlgo",1
"835",79,"wave_fetch",3.93836176756657,"Semibalanus.balanoides_EMmeanByROC_mergedData_mergedRun_mergedAlgo",0.355971425
"836",79,"wave_fetch",3.93836176756657,"Semibalanus.balanoides_EMciSupByTSS_mergedData_mergedRun_mergedAlgo",1
"837",79,"wave_fetch",3.93836176756657,"Semibalanus.balanoides_EMmeanByTSS_mergedData_mergedRun_mergedAlgo",0.625
"838",80,"wave_fetch",3.96130973160869,"Semibalanus.balanoides_EMciSupByTSS_mergedData_mergedRun_mergedAlgo",1
"839",80,"wave_fetch",3.96130973160869,"Semibalanus.balanoides_EMmeanByTSS_mergedData_mergedRun_mergedAlgo",0.617
"840",80,"wave_fetch",3.96130973160869,"Semibalanus.balanoides_EMmeanByROC_mergedData_mergedRun_mergedAlgo",0.351503
"841",81,"wave_fetch",3.98425769565081,"Semibalanus.balanoides_EMmeanByTSS_mergedData_mergedRun_mergedAlgo",0.611
"842",81,"wave_fetch",3.98425769565081,"Semibalanus.balanoides_EMmeanByROC_mergedData_mergedRun_mergedAlgo",0.346574325
"843",81,"wave_fetch",3.98425769565081,"Semibalanus.balanoides_EMciSupByTSS_mergedData_mergedRun_mergedAlgo",1
"844",82,"wave_fetch",4.00720565969294,"Semibalanus.balanoides_EMmeanByROC_mergedData_mergedRun_mergedAlgo",0.37118205
"845",82,"wave_fetch",4.00720565969294,"Semibalanus.balanoides_EMciSupByTSS_mergedData_mergedRun_mergedAlgo",1
"846",82,"wave_fetch",4.00720565969294,"Semibalanus.balanoides_EMmeanByTSS_mergedData_mergedRun_mergedAlgo",0.632
"847",83,"wave_fetch",4.03015362373506,"Semibalanus.balanoides_EMciSupByTSS_mergedData_mergedRun_mergedAlgo",1
"848",83,"wave_fetch",4.03015362373506,"Semibalanus.balanoides_EMmeanByROC_mergedData_mergedRun_mergedAlgo",0.37132315
"849",83,"wave_fetch",4.03015362373506,"Semibalanus.balanoides_EMmeanByTSS_mergedData_mergedRun_mergedAlgo",0.63
"850",84,"wave_fetch",4.05310158777719,"Semibalanus.balanoides_EMmeanByROC_mergedData_mergedRun_mergedAlgo",0.38499485
"851",84,"wave_fetch",4.05310158777719,"Semibalanus.balanoides_EMciSupByTSS_mergedData_mergedRun_mergedAlgo",1
"852",84,"wave_fetch",4.05310158777719,"Semibalanus.balanoides_EMmeanByTSS_mergedData_mergedRun_mergedAlgo",0.643
"853",85,"wave_fetch",4.07604955181931,"Semibalanus.balanoides_EMmeanByROC_mergedData_mergedRun_mergedAlgo",0.39369455
"854",85,"wave_fetch",4.07604955181931,"Semibalanus.balanoides_EMmeanByTSS_mergedData_mergedRun_mergedAlgo",0.645
"855",85,"wave_fetch",4.07604955181931,"Semibalanus.balanoides_EMciSupByTSS_mergedData_mergedRun_mergedAlgo",1
"856",86,"wave_fetch",4.09899751586143,"Semibalanus.balanoides_EMmeanByROC_mergedData_mergedRun_mergedAlgo",0.391419875
"857",86,"wave_fetch",4.09899751586143,"Semibalanus.balanoides_EMciSupByTSS_mergedData_mergedRun_mergedAlgo",1
"858",86,"wave_fetch",4.09899751586143,"Semibalanus.balanoides_EMmeanByTSS_mergedData_mergedRun_mergedAlgo",0.645
"859",87,"wave_fetch",4.12194547990356,"Semibalanus.balanoides_EMciSupByTSS_mergedData_mergedRun_mergedAlgo",1
"860",87,"wave_fetch",4.12194547990356,"Semibalanus.balanoides_EMmeanByTSS_mergedData_mergedRun_mergedAlgo",0.666
"861",87,"wave_fetch",4.12194547990356,"Semibalanus.balanoides_EMmeanByROC_mergedData_mergedRun_mergedAlgo",0.413168725
"862",88,"wave_fetch",4.14489344394568,"Semibalanus.balanoides_EMmeanByROC_mergedData_mergedRun_mergedAlgo",0.4134390475
"863",88,"wave_fetch",4.14489344394568,"Semibalanus.balanoides_EMciSupByTSS_mergedData_mergedRun_mergedAlgo",1
"864",88,"wave_fetch",4.14489344394568,"Semibalanus.balanoides_EMmeanByTSS_mergedData_mergedRun_mergedAlgo",0.658
"865",89,"wave_fetch",4.16784140798781,"Semibalanus.balanoides_EMmeanByROC_mergedData_mergedRun_mergedAlgo",0.414729055
"866",89,"wave_fetch",4.16784140798781,"Semibalanus.balanoides_EMciSupByTSS_mergedData_mergedRun_mergedAlgo",1
"867",89,"wave_fetch",4.16784140798781,"Semibalanus.balanoides_EMmeanByTSS_mergedData_mergedRun_mergedAlgo",0.671
"868",90,"wave_fetch",4.19078937202993,"Semibalanus.balanoides_EMmeanByROC_mergedData_mergedRun_mergedAlgo",0.40503707
"869",90,"wave_fetch",4.19078937202993,"Semibalanus.balanoides_EMciSupByTSS_mergedData_mergedRun_mergedAlgo",1
"870",90,"wave_fetch",4.19078937202993,"Semibalanus.balanoides_EMmeanByTSS_mergedData_mergedRun_mergedAlgo",0.656
"871",91,"wave_fetch",4.21373733607205,"Semibalanus.balanoides_EMmeanByROC_mergedData_mergedRun_mergedAlgo",0.416861555
"872",91,"wave_fetch",4.21373733607205,"Semibalanus.balanoides_EMciSupByTSS_mergedData_mergedRun_mergedAlgo",1
"873",91,"wave_fetch",4.21373733607205,"Semibalanus.balanoides_EMmeanByTSS_mergedData_mergedRun_mergedAlgo",0.681
"874",92,"wave_fetch",4.23668530011418,"Semibalanus.balanoides_EMmeanByROC_mergedData_mergedRun_mergedAlgo",0.4167011125
"875",92,"wave_fetch",4.23668530011418,"Semibalanus.balanoides_EMciSupByTSS_mergedData_mergedRun_mergedAlgo",1
"876",92,"wave_fetch",4.23668530011418,"Semibalanus.balanoides_EMmeanByTSS_mergedData_mergedRun_mergedAlgo",0.68
"877",93,"wave_fetch",4.2596332641563,"Semibalanus.balanoides_EMmeanByROC_mergedData_mergedRun_mergedAlgo",0.403054455
"878",93,"wave_fetch",4.2596332641563,"Semibalanus.balanoides_EMciSupByTSS_mergedData_mergedRun_mergedAlgo",1
"879",93,"wave_fetch",4.2596332641563,"Semibalanus.balanoides_EMmeanByTSS_mergedData_mergedRun_mergedAlgo",0.661
"880",94,"wave_fetch",4.28258122819843,"Semibalanus.balanoides_EMmeanByTSS_mergedData_mergedRun_mergedAlgo",0.655
"881",94,"wave_fetch",4.28258122819843,"Semibalanus.balanoides_EMmeanByROC_mergedData_mergedRun_mergedAlgo",0.3999204025
"882",94,"wave_fetch",4.28258122819843,"Semibalanus.balanoides_EMciSupByTSS_mergedData_mergedRun_mergedAlgo",1
"883",95,"wave_fetch",4.30552919224055,"Semibalanus.balanoides_EMmeanByROC_mergedData_mergedRun_mergedAlgo",0.3997978825
"884",95,"wave_fetch",4.30552919224055,"Semibalanus.balanoides_EMciSupByTSS_mergedData_mergedRun_mergedAlgo",1
"885",95,"wave_fetch",4.30552919224055,"Semibalanus.balanoides_EMmeanByTSS_mergedData_mergedRun_mergedAlgo",0.655
"886",96,"wave_fetch",4.32847715628268,"Semibalanus.balanoides_EMciSupByTSS_mergedData_mergedRun_mergedAlgo",1
"887",96,"wave_fetch",4.32847715628268,"Semibalanus.balanoides_EMmeanByROC_mergedData_mergedRun_mergedAlgo",0.3986859025
"888",96,"wave_fetch",4.32847715628268,"Semibalanus.balanoides_EMmeanByTSS_mergedData_mergedRun_mergedAlgo",0.654
"889",97,"wave_fetch",4.3514251203248,"Semibalanus.balanoides_EMmeanByROC_mergedData_mergedRun_mergedAlgo",0.3985835675
"890",97,"wave_fetch",4.3514251203248,"Semibalanus.balanoides_EMciSupByTSS_mergedData_mergedRun_mergedAlgo",1
"891",97,"wave_fetch",4.3514251203248,"Semibalanus.balanoides_EMmeanByTSS_mergedData_mergedRun_mergedAlgo",0.654
"892",98,"wave_fetch",4.37437308436692,"Semibalanus.balanoides_EMmeanByROC_mergedData_mergedRun_mergedAlgo",0.3984900425
"893",98,"wave_fetch",4.37437308436692,"Semibalanus.balanoides_EMmeanByTSS_mergedData_mergedRun_mergedAlgo",0.654
"894",98,"wave_fetch",4.37437308436692,"Semibalanus.balanoides_EMciSupByTSS_mergedData_mergedRun_mergedAlgo",1
"895",99,"wave_fetch",4.39732104840905,"Semibalanus.balanoides_EMmeanByROC_mergedData_mergedRun_mergedAlgo",0.398404575
"896",99,"wave_fetch",4.39732104840905,"Semibalanus.balanoides_EMciSupByTSS_mergedData_mergedRun_mergedAlgo",1
"897",99,"wave_fetch",4.39732104840905,"Semibalanus.balanoides_EMmeanByTSS_mergedData_mergedRun_mergedAlgo",0.654
"898",100,"wave_fetch",4.42026901245117,"Semibalanus.balanoides_EMciSupByTSS_mergedData_mergedRun_mergedAlgo",1
"899",100,"wave_fetch",4.42026901245117,"Semibalanus.balanoides_EMmeanByTSS_mergedData_mergedRun_mergedAlgo",0.654
"900",100,"wave_fetch",4.42026901245117,"Semibalanus.balanoides_EMmeanByROC_mergedData_mergedRun_mergedAlgo",0.398326475
