"","full.name","PA","run","algo","expl.var","rand","var.imp"
"1","Chthamalus.montagui_PA1_RUN1_GAM","PA1","RUN1","GAM","ocean_temp",1,0.878227
"2","Chthamalus.montagui_PA1_RUN1_GAM","PA1","RUN1","GAM","ph",1,0.0216150000000001
"3","Chthamalus.montagui_PA1_RUN1_GAM","PA1","RUN1","GAM","wave_fetch",1,0.017405
"4","Chthamalus.montagui_PA1_RUN1_GAM","PA1","RUN1","GAM","ocean_temp",2,0.661866
"5","Chthamalus.montagui_PA1_RUN1_GAM","PA1","RUN1","GAM","ph",2,0.022992
"6","Chthamalus.montagui_PA1_RUN1_GAM","PA1","RUN1","GAM","wave_fetch",2,0.020829
"7","Chthamalus.montagui_PA1_RUN1_GLM","PA1","RUN1","GLM","ocean_temp",1,0.4532
"8","Chthamalus.montagui_PA1_RUN1_GLM","PA1","RUN1","GLM","ph",1,0.393319
"9","Chthamalus.montagui_PA1_RUN1_GLM","PA1","RUN1","GLM","wave_fetch",1,0.407238
"10","Chthamalus.montagui_PA1_RUN1_GLM","PA1","RUN1","GLM","ocean_temp",2,0.464565
"11","Chthamalus.montagui_PA1_RUN1_GLM","PA1","RUN1","GLM","ph",2,0.381645
"12","Chthamalus.montagui_PA1_RUN1_GLM","PA1","RUN1","GLM","wave_fetch",2,0.55406
"13","Chthamalus.montagui_PA1_RUN1_RF","PA1","RUN1","RF","ocean_temp",1,0.245238
"14","Chthamalus.montagui_PA1_RUN1_RF","PA1","RUN1","RF","ph",1,0.340204
"15","Chthamalus.montagui_PA1_RUN1_RF","PA1","RUN1","RF","wave_fetch",1,0.106544
"16","Chthamalus.montagui_PA1_RUN1_RF","PA1","RUN1","RF","ocean_temp",2,0.306703
"17","Chthamalus.montagui_PA1_RUN1_RF","PA1","RUN1","RF","ph",2,0.292725
"18","Chthamalus.montagui_PA1_RUN1_RF","PA1","RUN1","RF","wave_fetch",2,0.122264
"19","Chthamalus.montagui_PA1_RUN1_MAXENT","PA1","RUN1","MAXENT","ocean_temp",1,0.436443
"20","Chthamalus.montagui_PA1_RUN1_MAXENT","PA1","RUN1","MAXENT","ph",1,0.529097
"21","Chthamalus.montagui_PA1_RUN1_MAXENT","PA1","RUN1","MAXENT","wave_fetch",1,0.375283
"22","Chthamalus.montagui_PA1_RUN1_MAXENT","PA1","RUN1","MAXENT","ocean_temp",2,0.380285
"23","Chthamalus.montagui_PA1_RUN1_MAXENT","PA1","RUN1","MAXENT","ph",2,0.544449
"24","Chthamalus.montagui_PA1_RUN1_MAXENT","PA1","RUN1","MAXENT","wave_fetch",2,0.439966
"25","Chthamalus.montagui_PA1_RUN2_GAM","PA1","RUN2","GAM","ocean_temp",1,0.314645
"26","Chthamalus.montagui_PA1_RUN2_GAM","PA1","RUN2","GAM","ph",1,0.274633
"27","Chthamalus.montagui_PA1_RUN2_GAM","PA1","RUN2","GAM","wave_fetch",1,0.000886000000000053
"28","Chthamalus.montagui_PA1_RUN2_GAM","PA1","RUN2","GAM","ocean_temp",2,0.375214
"29","Chthamalus.montagui_PA1_RUN2_GAM","PA1","RUN2","GAM","ph",2,0.295437
"30","Chthamalus.montagui_PA1_RUN2_GAM","PA1","RUN2","GAM","wave_fetch",2,0.000978999999999952
"31","Chthamalus.montagui_PA1_RUN2_GLM","PA1","RUN2","GLM","ocean_temp",1,0.28648
"32","Chthamalus.montagui_PA1_RUN2_GLM","PA1","RUN2","GLM","ph",1,0.227142
"33","Chthamalus.montagui_PA1_RUN2_GLM","PA1","RUN2","GLM","wave_fetch",1,0.35764
"34","Chthamalus.montagui_PA1_RUN2_GLM","PA1","RUN2","GLM","ocean_temp",2,0.301886
"35","Chthamalus.montagui_PA1_RUN2_GLM","PA1","RUN2","GLM","ph",2,0.238824
"36","Chthamalus.montagui_PA1_RUN2_GLM","PA1","RUN2","GLM","wave_fetch",2,0.365336
"37","Chthamalus.montagui_PA1_RUN2_RF","PA1","RUN2","RF","ocean_temp",1,0.168236
"38","Chthamalus.montagui_PA1_RUN2_RF","PA1","RUN2","RF","ph",1,0.332321
"39","Chthamalus.montagui_PA1_RUN2_RF","PA1","RUN2","RF","wave_fetch",1,0.100667
"40","Chthamalus.montagui_PA1_RUN2_RF","PA1","RUN2","RF","ocean_temp",2,0.170344
"41","Chthamalus.montagui_PA1_RUN2_RF","PA1","RUN2","RF","ph",2,0.343731
"42","Chthamalus.montagui_PA1_RUN2_RF","PA1","RUN2","RF","wave_fetch",2,0.101842
"43","Chthamalus.montagui_PA1_RUN2_MAXENT","PA1","RUN2","MAXENT","ocean_temp",1,0.339225
"44","Chthamalus.montagui_PA1_RUN2_MAXENT","PA1","RUN2","MAXENT","ph",1,0.507408
"45","Chthamalus.montagui_PA1_RUN2_MAXENT","PA1","RUN2","MAXENT","wave_fetch",1,0.251426
"46","Chthamalus.montagui_PA1_RUN2_MAXENT","PA1","RUN2","MAXENT","ocean_temp",2,0.456676
"47","Chthamalus.montagui_PA1_RUN2_MAXENT","PA1","RUN2","MAXENT","ph",2,0.551457
"48","Chthamalus.montagui_PA1_RUN2_MAXENT","PA1","RUN2","MAXENT","wave_fetch",2,0.160714
"49","Chthamalus.montagui_PA1_allRun_GAM","PA1","allRun","GAM","ocean_temp",1,0.261564
"50","Chthamalus.montagui_PA1_allRun_GAM","PA1","allRun","GAM","ph",1,0.436314
"51","Chthamalus.montagui_PA1_allRun_GAM","PA1","allRun","GAM","wave_fetch",1,0.00353400000000004
"52","Chthamalus.montagui_PA1_allRun_GAM","PA1","allRun","GAM","ocean_temp",2,0.32561
"53","Chthamalus.montagui_PA1_allRun_GAM","PA1","allRun","GAM","ph",2,0.410854
"54","Chthamalus.montagui_PA1_allRun_GAM","PA1","allRun","GAM","wave_fetch",2,0.00313799999999997
"55","Chthamalus.montagui_PA1_allRun_GLM","PA1","allRun","GLM","ocean_temp",1,0.250453
"56","Chthamalus.montagui_PA1_allRun_GLM","PA1","allRun","GLM","ph",1,0.487205
"57","Chthamalus.montagui_PA1_allRun_GLM","PA1","allRun","GLM","wave_fetch",1,0.303752
"58","Chthamalus.montagui_PA1_allRun_GLM","PA1","allRun","GLM","ocean_temp",2,0.169322
"59","Chthamalus.montagui_PA1_allRun_GLM","PA1","allRun","GLM","ph",2,0.462491
"60","Chthamalus.montagui_PA1_allRun_GLM","PA1","allRun","GLM","wave_fetch",2,0.424552
"61","Chthamalus.montagui_PA1_allRun_RF","PA1","allRun","RF","ocean_temp",1,0.181747
"62","Chthamalus.montagui_PA1_allRun_RF","PA1","allRun","RF","ph",1,0.469548
"63","Chthamalus.montagui_PA1_allRun_RF","PA1","allRun","RF","wave_fetch",1,0.102945
"64","Chthamalus.montagui_PA1_allRun_RF","PA1","allRun","RF","ocean_temp",2,0.181685
"65","Chthamalus.montagui_PA1_allRun_RF","PA1","allRun","RF","ph",2,0.399132
"66","Chthamalus.montagui_PA1_allRun_RF","PA1","allRun","RF","wave_fetch",2,0.109549
"67","Chthamalus.montagui_PA1_allRun_MAXENT","PA1","allRun","MAXENT","ocean_temp",1,0.333788
"68","Chthamalus.montagui_PA1_allRun_MAXENT","PA1","allRun","MAXENT","ph",1,0.508788
"69","Chthamalus.montagui_PA1_allRun_MAXENT","PA1","allRun","MAXENT","wave_fetch",1,0.466886
"70","Chthamalus.montagui_PA1_allRun_MAXENT","PA1","allRun","MAXENT","ocean_temp",2,0.290526
"71","Chthamalus.montagui_PA1_allRun_MAXENT","PA1","allRun","MAXENT","ph",2,0.618152
"72","Chthamalus.montagui_PA1_allRun_MAXENT","PA1","allRun","MAXENT","wave_fetch",2,0.462976
"73","Chthamalus.montagui_allData_allRun_GAM","allData","allRun","GAM","ocean_temp",1,0.221098
"74","Chthamalus.montagui_allData_allRun_GAM","allData","allRun","GAM","ph",1,0.680138
"75","Chthamalus.montagui_allData_allRun_GAM","allData","allRun","GAM","wave_fetch",1,0.0157119999999999
"76","Chthamalus.montagui_allData_allRun_GAM","allData","allRun","GAM","ocean_temp",2,0.181556
"77","Chthamalus.montagui_allData_allRun_GAM","allData","allRun","GAM","ph",2,0.505037
"78","Chthamalus.montagui_allData_allRun_GAM","allData","allRun","GAM","wave_fetch",2,0.015166
"79","Chthamalus.montagui_allData_allRun_GLM","allData","allRun","GLM","ocean_temp",1,0.273697
"80","Chthamalus.montagui_allData_allRun_GLM","allData","allRun","GLM","ph",1,0.558776
"81","Chthamalus.montagui_allData_allRun_GLM","allData","allRun","GLM","wave_fetch",1,0.258782
"82","Chthamalus.montagui_allData_allRun_GLM","allData","allRun","GLM","ocean_temp",2,0.305718
"83","Chthamalus.montagui_allData_allRun_GLM","allData","allRun","GLM","ph",2,0.395883
"84","Chthamalus.montagui_allData_allRun_GLM","allData","allRun","GLM","wave_fetch",2,0.350788
"85","Chthamalus.montagui_allData_allRun_RF","allData","allRun","RF","ocean_temp",1,0.186114
"86","Chthamalus.montagui_allData_allRun_RF","allData","allRun","RF","ph",1,0.393213
"87","Chthamalus.montagui_allData_allRun_RF","allData","allRun","RF","wave_fetch",1,0.103294
"88","Chthamalus.montagui_allData_allRun_RF","allData","allRun","RF","ocean_temp",2,0.17849
"89","Chthamalus.montagui_allData_allRun_RF","allData","allRun","RF","ph",2,0.520206
"90","Chthamalus.montagui_allData_allRun_RF","allData","allRun","RF","wave_fetch",2,0.103306
"91","Chthamalus.montagui_allData_allRun_MAXENT","allData","allRun","MAXENT","ocean_temp",1,0.274791
"92","Chthamalus.montagui_allData_allRun_MAXENT","allData","allRun","MAXENT","ph",1,0.492167
"93","Chthamalus.montagui_allData_allRun_MAXENT","allData","allRun","MAXENT","wave_fetch",1,0.395373
"94","Chthamalus.montagui_allData_allRun_MAXENT","allData","allRun","MAXENT","ocean_temp",2,0.290526
"95","Chthamalus.montagui_allData_allRun_MAXENT","allData","allRun","MAXENT","ph",2,0.44197
"96","Chthamalus.montagui_allData_allRun_MAXENT","allData","allRun","MAXENT","wave_fetch",2,0.37211
