"","full.name","merged.by.PA","merged.by.run","merged.by.algo","filtered.by","algo","expl.var","rand","var.imp"
"1","Chthamalus.montagui_EMmeanByTSS_mergedData_mergedRun_mergedAlgo","mergedData","mergedRun","mergedAlgo","TSS","EMmean","ocean_temp",1,0.304443
"2","Chthamalus.montagui_EMmeanByTSS_mergedData_mergedRun_mergedAlgo","mergedData","mergedRun","mergedAlgo","TSS","EMmean","ph",1,0.244748
"3","Chthamalus.montagui_EMmeanByTSS_mergedData_mergedRun_mergedAlgo","mergedData","mergedRun","mergedAlgo","TSS","EMmean","wave_fetch",1,0.071832
"4","Chthamalus.montagui_EMmeanByTSS_mergedData_mergedRun_mergedAlgo","mergedData","mergedRun","mergedAlgo","TSS","EMmean","ocean_temp",2,0.320883
"5","Chthamalus.montagui_EMmeanByTSS_mergedData_mergedRun_mergedAlgo","mergedData","mergedRun","mergedAlgo","TSS","EMmean","ph",2,0.259981
"6","Chthamalus.montagui_EMmeanByTSS_mergedData_mergedRun_mergedAlgo","mergedData","mergedRun","mergedAlgo","TSS","EMmean","wave_fetch",2,0.095174
"7","Chthamalus.montagui_EMcvByTSS_mergedData_mergedRun_mergedAlgo","mergedData","mergedRun","mergedAlgo","TSS","EMcv","ocean_temp",1,0.234729
"8","Chthamalus.montagui_EMcvByTSS_mergedData_mergedRun_mergedAlgo","mergedData","mergedRun","mergedAlgo","TSS","EMcv","ph",1,0.308908
"9","Chthamalus.montagui_EMcvByTSS_mergedData_mergedRun_mergedAlgo","mergedData","mergedRun","mergedAlgo","TSS","EMcv","wave_fetch",1,0.30918
"10","Chthamalus.montagui_EMcvByTSS_mergedData_mergedRun_mergedAlgo","mergedData","mergedRun","mergedAlgo","TSS","EMcv","ocean_temp",2,0.203083
"11","Chthamalus.montagui_EMcvByTSS_mergedData_mergedRun_mergedAlgo","mergedData","mergedRun","mergedAlgo","TSS","EMcv","ph",2,0.231236
"12","Chthamalus.montagui_EMcvByTSS_mergedData_mergedRun_mergedAlgo","mergedData","mergedRun","mergedAlgo","TSS","EMcv","wave_fetch",2,0.30859
"13","Chthamalus.montagui_EMcaByTSS_mergedData_mergedRun_mergedAlgo","mergedData","mergedRun","mergedAlgo","TSS","EMca","ocean_temp",1,0.310494
"14","Chthamalus.montagui_EMcaByTSS_mergedData_mergedRun_mergedAlgo","mergedData","mergedRun","mergedAlgo","TSS","EMca","ph",1,0.292157
"15","Chthamalus.montagui_EMcaByTSS_mergedData_mergedRun_mergedAlgo","mergedData","mergedRun","mergedAlgo","TSS","EMca","wave_fetch",1,0.076199
"16","Chthamalus.montagui_EMcaByTSS_mergedData_mergedRun_mergedAlgo","mergedData","mergedRun","mergedAlgo","TSS","EMca","ocean_temp",2,0.365953
"17","Chthamalus.montagui_EMcaByTSS_mergedData_mergedRun_mergedAlgo","mergedData","mergedRun","mergedAlgo","TSS","EMca","ph",2,0.351418
"18","Chthamalus.montagui_EMcaByTSS_mergedData_mergedRun_mergedAlgo","mergedData","mergedRun","mergedAlgo","TSS","EMca","wave_fetch",2,0.082848
"19","Chthamalus.montagui_EMwmeanByTSS_mergedData_mergedRun_mergedAlgo","mergedData","mergedRun","mergedAlgo","TSS","EMwmean","ocean_temp",1,0.311439
"20","Chthamalus.montagui_EMwmeanByTSS_mergedData_mergedRun_mergedAlgo","mergedData","mergedRun","mergedAlgo","TSS","EMwmean","ph",1,0.244653
"21","Chthamalus.montagui_EMwmeanByTSS_mergedData_mergedRun_mergedAlgo","mergedData","mergedRun","mergedAlgo","TSS","EMwmean","wave_fetch",1,0.061783
"22","Chthamalus.montagui_EMwmeanByTSS_mergedData_mergedRun_mergedAlgo","mergedData","mergedRun","mergedAlgo","TSS","EMwmean","ocean_temp",2,0.267438
"23","Chthamalus.montagui_EMwmeanByTSS_mergedData_mergedRun_mergedAlgo","mergedData","mergedRun","mergedAlgo","TSS","EMwmean","ph",2,0.263221
"24","Chthamalus.montagui_EMwmeanByTSS_mergedData_mergedRun_mergedAlgo","mergedData","mergedRun","mergedAlgo","TSS","EMwmean","wave_fetch",2,0.079057
"25","Chthamalus.montagui_EMciInfByTSS_mergedData_mergedRun_mergedAlgo","mergedData","mergedRun","mergedAlgo","TSS","EMciInf","ocean_temp",1,0.272989
"26","Chthamalus.montagui_EMciInfByTSS_mergedData_mergedRun_mergedAlgo","mergedData","mergedRun","mergedAlgo","TSS","EMciInf","ph",1,0.283735
"27","Chthamalus.montagui_EMciInfByTSS_mergedData_mergedRun_mergedAlgo","mergedData","mergedRun","mergedAlgo","TSS","EMciInf","wave_fetch",1,0.122932
"28","Chthamalus.montagui_EMciInfByTSS_mergedData_mergedRun_mergedAlgo","mergedData","mergedRun","mergedAlgo","TSS","EMciInf","ocean_temp",2,0.333179
"29","Chthamalus.montagui_EMciInfByTSS_mergedData_mergedRun_mergedAlgo","mergedData","mergedRun","mergedAlgo","TSS","EMciInf","ph",2,0.273775
"30","Chthamalus.montagui_EMciInfByTSS_mergedData_mergedRun_mergedAlgo","mergedData","mergedRun","mergedAlgo","TSS","EMciInf","wave_fetch",2,0.109074
"31","Chthamalus.montagui_EMciSupByTSS_mergedData_mergedRun_mergedAlgo","mergedData","mergedRun","mergedAlgo","TSS","EMciSup","ocean_temp",1,0.337845
"32","Chthamalus.montagui_EMciSupByTSS_mergedData_mergedRun_mergedAlgo","mergedData","mergedRun","mergedAlgo","TSS","EMciSup","ph",1,0.283502
"33","Chthamalus.montagui_EMciSupByTSS_mergedData_mergedRun_mergedAlgo","mergedData","mergedRun","mergedAlgo","TSS","EMciSup","wave_fetch",1,0.081043
"34","Chthamalus.montagui_EMciSupByTSS_mergedData_mergedRun_mergedAlgo","mergedData","mergedRun","mergedAlgo","TSS","EMciSup","ocean_temp",2,0.310424
"35","Chthamalus.montagui_EMciSupByTSS_mergedData_mergedRun_mergedAlgo","mergedData","mergedRun","mergedAlgo","TSS","EMciSup","ph",2,0.257749
"36","Chthamalus.montagui_EMciSupByTSS_mergedData_mergedRun_mergedAlgo","mergedData","mergedRun","mergedAlgo","TSS","EMciSup","wave_fetch",2,0.081327
"37","Chthamalus.montagui_EMmeanByROC_mergedData_mergedRun_mergedAlgo","mergedData","mergedRun","mergedAlgo","ROC","EMmean","ocean_temp",1,0.234068
"38","Chthamalus.montagui_EMmeanByROC_mergedData_mergedRun_mergedAlgo","mergedData","mergedRun","mergedAlgo","ROC","EMmean","ph",1,0.278418
"39","Chthamalus.montagui_EMmeanByROC_mergedData_mergedRun_mergedAlgo","mergedData","mergedRun","mergedAlgo","ROC","EMmean","wave_fetch",1,0.071583
"40","Chthamalus.montagui_EMmeanByROC_mergedData_mergedRun_mergedAlgo","mergedData","mergedRun","mergedAlgo","ROC","EMmean","ocean_temp",2,0.322278
"41","Chthamalus.montagui_EMmeanByROC_mergedData_mergedRun_mergedAlgo","mergedData","mergedRun","mergedAlgo","ROC","EMmean","ph",2,0.252685
"42","Chthamalus.montagui_EMmeanByROC_mergedData_mergedRun_mergedAlgo","mergedData","mergedRun","mergedAlgo","ROC","EMmean","wave_fetch",2,0.068964
"43","Chthamalus.montagui_EMcvByROC_mergedData_mergedRun_mergedAlgo","mergedData","mergedRun","mergedAlgo","ROC","EMcv","ocean_temp",1,0.251274
"44","Chthamalus.montagui_EMcvByROC_mergedData_mergedRun_mergedAlgo","mergedData","mergedRun","mergedAlgo","ROC","EMcv","ph",1,0.297775
"45","Chthamalus.montagui_EMcvByROC_mergedData_mergedRun_mergedAlgo","mergedData","mergedRun","mergedAlgo","ROC","EMcv","wave_fetch",1,0.273425
"46","Chthamalus.montagui_EMcvByROC_mergedData_mergedRun_mergedAlgo","mergedData","mergedRun","mergedAlgo","ROC","EMcv","ocean_temp",2,0.250626
"47","Chthamalus.montagui_EMcvByROC_mergedData_mergedRun_mergedAlgo","mergedData","mergedRun","mergedAlgo","ROC","EMcv","ph",2,0.254866
"48","Chthamalus.montagui_EMcvByROC_mergedData_mergedRun_mergedAlgo","mergedData","mergedRun","mergedAlgo","ROC","EMcv","wave_fetch",2,0.31513
"49","Chthamalus.montagui_EMcaByROC_mergedData_mergedRun_mergedAlgo","mergedData","mergedRun","mergedAlgo","ROC","EMca","ocean_temp",1,0.321319
"50","Chthamalus.montagui_EMcaByROC_mergedData_mergedRun_mergedAlgo","mergedData","mergedRun","mergedAlgo","ROC","EMca","ph",1,0.325609
"51","Chthamalus.montagui_EMcaByROC_mergedData_mergedRun_mergedAlgo","mergedData","mergedRun","mergedAlgo","ROC","EMca","wave_fetch",1,0.069908
"52","Chthamalus.montagui_EMcaByROC_mergedData_mergedRun_mergedAlgo","mergedData","mergedRun","mergedAlgo","ROC","EMca","ocean_temp",2,0.333799
"53","Chthamalus.montagui_EMcaByROC_mergedData_mergedRun_mergedAlgo","mergedData","mergedRun","mergedAlgo","ROC","EMca","ph",2,0.369215
"54","Chthamalus.montagui_EMcaByROC_mergedData_mergedRun_mergedAlgo","mergedData","mergedRun","mergedAlgo","ROC","EMca","wave_fetch",2,0.066909
"55","Chthamalus.montagui_EMwmeanByROC_mergedData_mergedRun_mergedAlgo","mergedData","mergedRun","mergedAlgo","ROC","EMwmean","ocean_temp",1,0.256902
"56","Chthamalus.montagui_EMwmeanByROC_mergedData_mergedRun_mergedAlgo","mergedData","mergedRun","mergedAlgo","ROC","EMwmean","ph",1,0.227772
"57","Chthamalus.montagui_EMwmeanByROC_mergedData_mergedRun_mergedAlgo","mergedData","mergedRun","mergedAlgo","ROC","EMwmean","wave_fetch",1,0.072513
"58","Chthamalus.montagui_EMwmeanByROC_mergedData_mergedRun_mergedAlgo","mergedData","mergedRun","mergedAlgo","ROC","EMwmean","ocean_temp",2,0.276792
"59","Chthamalus.montagui_EMwmeanByROC_mergedData_mergedRun_mergedAlgo","mergedData","mergedRun","mergedAlgo","ROC","EMwmean","ph",2,0.294314
"60","Chthamalus.montagui_EMwmeanByROC_mergedData_mergedRun_mergedAlgo","mergedData","mergedRun","mergedAlgo","ROC","EMwmean","wave_fetch",2,0.091963
"61","Chthamalus.montagui_EMciInfByROC_mergedData_mergedRun_mergedAlgo","mergedData","mergedRun","mergedAlgo","ROC","EMciInf","ocean_temp",1,0.241663
"62","Chthamalus.montagui_EMciInfByROC_mergedData_mergedRun_mergedAlgo","mergedData","mergedRun","mergedAlgo","ROC","EMciInf","ph",1,0.260215
"63","Chthamalus.montagui_EMciInfByROC_mergedData_mergedRun_mergedAlgo","mergedData","mergedRun","mergedAlgo","ROC","EMciInf","wave_fetch",1,0.123572
"64","Chthamalus.montagui_EMciInfByROC_mergedData_mergedRun_mergedAlgo","mergedData","mergedRun","mergedAlgo","ROC","EMciInf","ocean_temp",2,0.320395
"65","Chthamalus.montagui_EMciInfByROC_mergedData_mergedRun_mergedAlgo","mergedData","mergedRun","mergedAlgo","ROC","EMciInf","ph",2,0.282005
"66","Chthamalus.montagui_EMciInfByROC_mergedData_mergedRun_mergedAlgo","mergedData","mergedRun","mergedAlgo","ROC","EMciInf","wave_fetch",2,0.113053
"67","Chthamalus.montagui_EMciSupByROC_mergedData_mergedRun_mergedAlgo","mergedData","mergedRun","mergedAlgo","ROC","EMciSup","ocean_temp",1,0.371718
"68","Chthamalus.montagui_EMciSupByROC_mergedData_mergedRun_mergedAlgo","mergedData","mergedRun","mergedAlgo","ROC","EMciSup","ph",1,0.242435
"69","Chthamalus.montagui_EMciSupByROC_mergedData_mergedRun_mergedAlgo","mergedData","mergedRun","mergedAlgo","ROC","EMciSup","wave_fetch",1,0.07028
"70","Chthamalus.montagui_EMciSupByROC_mergedData_mergedRun_mergedAlgo","mergedData","mergedRun","mergedAlgo","ROC","EMciSup","ocean_temp",2,0.318147
"71","Chthamalus.montagui_EMciSupByROC_mergedData_mergedRun_mergedAlgo","mergedData","mergedRun","mergedAlgo","ROC","EMciSup","ph",2,0.23625
"72","Chthamalus.montagui_EMciSupByROC_mergedData_mergedRun_mergedAlgo","mergedData","mergedRun","mergedAlgo","ROC","EMciSup","wave_fetch",2,0.075727
